{
  "type": "FeatureCollection",
  "name": "countries_totals",
  "crs": {
    "type": "name",
    "properties": { "name": "urn:ogc:def:crs:OGC:1.3:CRS84" }
  },
  "features": [
    {
      "type": "Feature",
      "properties": {
        "name": "Åland Islands",
        "eur": null,
        "eu_contrib": null
      },
      "geometry": {
        "type": "MultiPolygon",
        "coordinates": [
          [
            [
              [19.926239013620688, 60.420215606425465],
              [19.93432617154245, 60.41309929011556],
              [19.95373535203106, 60.384223937622004],
              [19.96101633761081, 60.36704635614754],
              [20.017749786562693, 60.36457061821402],
              [20.260587692277106, 60.25504684259142],
              [20.265859603101028, 60.2158813485998],
              [20.19298744229422, 60.1786766051846],
              [20.08005523684123, 60.04330063041793],
              [19.771511078529155, 60.09082412680238],
              [19.76193661209386, 60.093966165614745],
              [19.759201049804535, 60.094863892137106],
              [19.74377822890779, 60.113414764298845],
              [19.742401886038017, 60.1159034714184],
              [19.74102554358302, 60.11839218121121],
              [19.740337372497052, 60.11963653488498],
              [19.701757159109814, 60.19472122147761],
              [19.67481591869212, 60.25855721366195],
              [19.77473894787159, 60.291711171149956],
              [19.792595864091275, 60.28334617546169],
              [19.787510462478977, 60.24358531300502],
              [19.800163268487115, 60.214094162334504],
              [19.8108539577873, 60.19942855808817],
              [19.81237316042847, 60.19927024806528],
              [19.819969178461857, 60.19847869871872],
              [19.823007583946268, 60.19816207957639],
              [19.833065985808684, 60.201189040447],
              [19.86986160208395, 60.238998413411565],
              [19.89282035729333, 60.2652893056708],
              [19.924549102227697, 60.31763458264666],
              [19.917242050576995, 60.33358383211008],
              [19.893624306392685, 60.34147834758982],
              [19.819657134400114, 60.362799071934866],
              [19.802070618587166, 60.37304751043342],
              [19.805406569436208, 60.38644027645085],
              [19.82044728491165, 60.403254827526446],
              [19.83366775489277, 60.40857315064322],
              [19.876346587473584, 60.423522949279636],
              [19.879547541858212, 60.423875597243374],
              [19.890750884705245, 60.42510986261891],
              [19.893836808643602, 60.42468427565262],
              [19.924696051075777, 60.42042840133416],
              [19.926239013620688, 60.420215606425465]
            ]
          ],
          [
            [
              [20.935560225797328, 59.90895843540353],
              [20.934475899218096, 59.90840434955778],
              [20.9323072434378, 59.907296180421284],
              [20.931222915376953, 59.90674209476448],
              [20.915856621517907, 59.90705767542584],
              [20.91431999187497, 59.90708923313249],
              [20.887163162634558, 59.91630172726827],
              [20.885762453538607, 59.91681146599496],
              [20.884361743792876, 59.91732120538407],
              [20.882961034648464, 59.91783094425262],
              [20.875957489290297, 59.9203796402535],
              [20.87221717833386, 59.92297210776051],
              [20.85974947665585, 59.931613668899445],
              [20.85850270576802, 59.93247782548822],
              [20.857255936201085, 59.9333419810243],
              [20.872714042469084, 59.93894863123185],
              [20.90650558475381, 59.95046234142907],
              [20.90796152749195, 59.95019912725912],
              [20.91087341348806, 59.949672698505545],
              [20.918605803431618, 59.935447691688545],
              [20.935560225797328, 59.90895843540353]
            ]
          ],
          [
            [
              [20.43603897134651, 60.01125335673581],
              [20.440651893437643, 60.010461807836215],
              [20.44526481591625, 60.00967025777716],
              [20.448102951564763, 60.00843664444868],
              [20.44952201730027, 60.0078198366447],
              [20.463712691340792, 60.00165176459749],
              [20.45856666668373, 59.991622925402204],
              [20.455859183488098, 59.99100875818785],
              [20.45450544359691, 59.9907016745654],
              [20.453151703551775, 59.99039459172267],
              [20.337679862619726, 59.989818573032956],
              [20.308233684357624, 60.00192260824164],
              [20.33380889763447, 60.01134109521918],
              [20.355773925855054, 60.01903152388203],
              [20.43603897134651, 60.01125335673581]
            ]
          ],
          [
            [
              [20.57824516238566, 60.053955077866846],
              [20.608098984298326, 60.040699004694126],
              [20.610447884383444, 60.038852691959114],
              [20.616320133511127, 60.03423690779667],
              [20.61749458237759, 60.033313751443345],
              [20.604557672613527, 60.01938501853488],
              [20.59096527030506, 60.01166534289009],
              [20.53310203619009, 60.00277710090509],
              [20.531590356430563, 60.00320858557609],
              [20.519496917969548, 60.0066604604391],
              [20.506666183572452, 60.01659393324771],
              [20.510627110210663, 60.020777383942004],
              [20.511617342297495, 60.021823246753655],
              [20.51260757376044, 60.0228691098589],
              [20.537094117433302, 60.047218321472286],
              [20.54352188088362, 60.05086347779774],
              [20.548664093222595, 60.053779601512666],
              [20.551554593210316, 60.05478945662288],
              [20.563116594925877, 60.05882887541082],
              [20.56456184477854, 60.059333802559614],
              [20.57824516238566, 60.053955077866846]
            ]
          ],
          [
            [
              [20.54550933824186, 60.06047820847906],
              [20.51296390146404, 60.03231325959764],
              [20.491646766881466, 60.020217896476865],
              [20.47693061920437, 60.012489319890776],
              [20.473941166887606, 60.01224136432988],
              [20.46796226346533, 60.01174545349829],
              [20.461833953692565, 60.01287841719266],
              [20.45965814634656, 60.01615142772319],
              [20.45893287710201, 60.01724243188516],
              [20.472328185590122, 60.051406859871165],
              [20.47364425572237, 60.05217885947935],
              [20.476276397504666, 60.05372285927284],
              [20.481540679917153, 60.05681085642912],
              [20.482856751151775, 60.057582855410956],
              [20.504557848513695, 60.060072898626906],
              [20.507658004889816, 60.06042861881599],
              [20.524711609578354, 60.061973571961076],
              [20.531085332481936, 60.0622088116927],
              [20.534272195039453, 60.062326431992304],
              [20.543832780003033, 60.062679291066104],
              [20.544671059345262, 60.0615787495741],
              [20.54550933824186, 60.06047820847906]
            ]
          ],
          [
            [
              [20.460206985622026, 60.031478882240854],
              [20.45886357687539, 60.030669847919164],
              [20.44811630350519, 60.024197577741255],
              [20.44408607583541, 60.02177047664152],
              [20.39185149961349, 60.017471752652405],
              [20.393068195027926, 60.02630806012131],
              [20.425381554397347, 60.05039109169511],
              [20.45694351203312, 60.06705856410714],
              [20.46477715190071, 60.065535863415086],
              [20.466343879389473, 60.06523132458395],
              [20.47574424748326, 60.06340408246971],
              [20.460206985622026, 60.031478882240854]
            ]
          ],
          [
            [
              [20.261835098724784, 60.13187026957227],
              [20.263586043957623, 60.1596908573937],
              [20.264319420512777, 60.16086006221724],
              [20.26505279621542, 60.16202926720842],
              [20.266230266522832, 60.16194661498954],
              [20.268585204429186, 60.161781310982214],
              [20.27265930165685, 60.16108703613687],
              [20.27673339805829, 60.160392760711375],
              [20.295640944611492, 60.15110397352802],
              [20.302627563371733, 60.13560294989105],
              [20.30465698281671, 60.11290740971055],
              [20.28389581204705, 60.079549789316346],
              [20.260623454062316, 60.0641164769945],
              [20.217170715263787, 60.092487335549],
              [20.216886900737066, 60.09546280031951],
              [20.21646118126901, 60.09992599469565],
              [20.233644103509196, 60.14782714862501],
              [20.237165451049858, 60.15783691458817],
              [20.23782157947086, 60.15894603736721],
              [20.239789964179774, 60.16227340729552],
              [20.242940902991958, 60.16251500485722],
              [20.244516372398035, 60.16263580409782],
              [20.249557877627137, 60.16080780187014],
              [20.250818253506672, 60.160350801575355],
              [20.2558584219967, 60.15769005019685],
              [20.258378506741366, 60.15635967376983],
              [20.259638548989386, 60.15569448641171],
              [20.260898590981853, 60.15502929764194],
              [20.261835098724784, 60.13187026957227]
            ]
          ],
          [
            [
              [20.68819427448329, 60.23180389432751],
              [20.698415755845414, 60.22551345807283],
              [20.714956285714074, 60.2139053343938],
              [20.72342300410202, 60.2001075752471],
              [20.720202310683387, 60.19545582453604],
              [20.718591963451292, 60.19312994909375],
              [20.71778678951823, 60.19196701119925],
              [20.716519832850434, 60.1915969846009],
              [20.712718964291092, 60.19048690780313],
              [20.689692392027048, 60.18692864349752],
              [20.66589164640715, 60.2015266417671],
              [20.665486525783052, 60.20585479699871],
              [20.665216446535386, 60.208740233811795],
              [20.671314240552842, 60.220088958984384],
              [20.67368594063213, 60.22214334701476],
              [20.677243493503287, 60.225224928425504],
              [20.683172746374453, 60.23036089856814],
              [20.6843585966977, 60.23138809235385],
              [20.685637156675448, 60.23152669300399],
              [20.68819427448329, 60.23180389432751]
            ]
          ],
          [
            [
              [20.41242980954027, 60.26035308736135],
              [20.4388351446266, 60.24716567963691],
              [20.437169266560133, 60.241000367368876],
              [20.430288314347763, 60.23183059710159],
              [20.427614688740682, 60.22855472511001],
              [20.426723480616094, 60.22746276800191],
              [20.398172379118545, 60.19875717111358],
              [20.386640548414793, 60.19510523407318],
              [20.383757591886276, 60.19419224961382],
              [20.382316112998552, 60.19373575800844],
              [20.3808746345343, 60.193279266025854],
              [20.337070464605166, 60.231235504316516],
              [20.33273601489856, 60.24355125469334],
              [20.332607269877194, 60.25048828086102],
              [20.333835602613302, 60.279502869494245],
              [20.33441352938897, 60.28073310849375],
              [20.33499145561467, 60.28196334845818],
              [20.338033235596146, 60.281857124274964],
              [20.354763031048332, 60.28127288896962],
              [20.356276512401926, 60.28087806844897],
              [20.369897843086957, 60.27732467691257],
              [20.372924805352596, 60.27653503346786],
              [20.41242980954027, 60.26035308736135]
            ]
          ],
          [
            [
              [19.633855819347076, 60.280200958210635],
              [19.62615648836171, 60.18375566330108],
              [19.614949227132012, 60.15757179155623],
              [19.616060257213206, 60.15473174958691],
              [19.615331649979318, 60.15370305245547],
              [19.613874436079087, 60.15164565944266],
              [19.61237697695099, 60.151211929277196],
              [19.600397300841106, 60.14774208148975],
              [19.59889984096389, 60.14730835000494],
              [19.597304736452937, 60.14712636606712],
              [19.587734109555242, 60.146034465147295],
              [19.55224943181895, 60.14702510804413],
              [19.545217514158857, 60.152838388416676],
              [19.52998415607377, 60.17026519732126],
              [19.52876866723766, 60.183408610575114],
              [19.528530122539394, 60.20602416921888],
              [19.576614168669863, 60.26832072048689],
              [19.607036590357243, 60.300104521614806],
              [19.61782569936911, 60.30554351827406],
              [19.633855819347076, 60.280200958210635]
            ]
          ],
          [
            [
              [20.752981186370302, 60.311454772586295],
              [20.746541976383188, 60.311695099285096],
              [20.742849350669548, 60.33068847745571],
              [20.744173396450844, 60.33345031760294],
              [20.75013160641281, 60.34587859999656],
              [20.751161892234293, 60.34699757784029],
              [20.75425275065612, 60.3503545117359],
              [20.756313323797464, 60.35259246857473],
              [20.763221105065522, 60.35581164929558],
              [20.764602660569054, 60.3564554852847],
              [20.768747329728022, 60.35838699342216],
              [20.784896851521044, 60.364143370826994],
              [20.78920326187756, 60.36452102657701],
              [20.792074202561174, 60.36477279756256],
              [20.793100356670102, 60.36368026857757],
              [20.800283431997542, 60.35603256358073],
              [20.80233573913607, 60.35384750341796],
              [20.802723694233794, 60.34951934780012],
              [20.80285301266213, 60.34807662950538],
              [20.80298232939827, 60.34663390993731],
              [20.8002991304213, 60.34266897345666],
              [20.793143933111928, 60.33209580731876],
              [20.792249532456726, 60.33077416087114],
              [20.79135513249806, 60.329452515594205],
              [20.778813554389167, 60.322462462953936],
              [20.77742004548972, 60.321685791548646],
              [20.752981186370302, 60.311454772586295]
            ]
          ]
        ]
      }
    },
    {
      "type": "Feature",
      "properties": { "name": "Albania", "eur": null, "eu_contrib": null },
      "geometry": {
        "type": "Polygon",
        "coordinates": [
          [
            [19.72763862683419, 42.6604498076812],
            [19.8315218111058, 42.46643284157998],
            [20.078894999750204, 42.55579899999402],
            [20.523884000311558, 42.21152400012756],
            [20.600050999403564, 42.018852999718405],
            [20.59428600045635, 41.8773280002676],
            [20.559449000094776, 41.86349499965656],
            [20.4730639994387, 41.55908799973664],
            [20.517463999537462, 41.229446999625004],
            [20.704849999559638, 40.98924099969701],
            [20.980567000077638, 40.85522199978523],
            [21.024541000548894, 40.70899999959197],
            [20.91674100034582, 40.470892000346474],
            [20.544415000263076, 40.06662500041295],
            [20.36841099963922, 39.78859799978119],
            [20.293952002718523, 39.71509701516007],
            [20.09439296979101, 39.67702406370633],
            [20.008387613508514, 39.69296716880816],
            [20.00550800000363, 39.872269000077026],
            [19.845216999492212, 40.04860500142095],
            [19.469656000285344, 40.21620299955819],
            [19.289730000557793, 40.425234999215476],
            [19.350509000255798, 40.424640000938915],
            [19.45750500047424, 41.14721300074566],
            [19.590484999987776, 41.651593999954066],
            [19.588557999519814, 41.813576000001405],
            [19.436590999916852, 41.87245400025509],
            [19.370887935534828, 41.84395077015757],
            [19.353307765315787, 42.15101384676577],
            [19.406730811679257, 42.31409129200426],
            [19.61296618741057, 42.57832649990621],
            [19.72763862683419, 42.6604498076812]
          ]
        ]
      }
    },
    {
      "type": "Feature",
      "properties": { "name": "Andorra", "eur": null, "eu_contrib": null },
      "geometry": {
        "type": "Polygon",
        "coordinates": [
          [
            [1.550467666581788, 42.65520200015974],
            [1.72076571350156, 42.61684475502561],
            [1.736500000355263, 42.617590000457554],
            [1.735522895604588, 42.607252035710886],
            [1.757534000331805, 42.581640200028474],
            [1.754750999496964, 42.564917999639015],
            [1.726892211664731, 42.51593766224064],
            [1.725801999733098, 42.50440299975923],
            [1.700226211544459, 42.498286541302186],
            [1.662965000529346, 42.47513800000495],
            [1.549548667499356, 42.43262783290437],
            [1.518205499712751, 42.430207000451105],
            [1.50463549988167, 42.43110749973172],
            [1.457958999478544, 42.43600600023738],
            [1.454477698932104, 42.43951570175818],
            [1.449457000532961, 42.43831499991118],
            [1.449184574503201, 42.44485200761409],
            [1.444107499636891, 42.44997050038581],
            [1.431551999909731, 42.48268299970127],
            [1.426372000306023, 42.55869500007479],
            [1.432762249429459, 42.58791725023918],
            [1.442475399539486, 42.59819819971785],
            [1.442782537864629, 42.59847207093656],
            [1.442565999700906, 42.603668000176626],
            [1.448948645772678, 42.60397030992964],
            [1.471715999676795, 42.62427166703901],
            [1.499456000416593, 42.64585500038601],
            [1.550467666581788, 42.65520200015974]
          ]
        ]
      }
    },
    {
      "type": "Feature",
      "properties": {
        "name": "Austria",
        "eur": 4648479.39,
        "eu_contrib": null
      },
      "geometry": {
        "type": "Polygon",
        "coordinates": [
          [
            [16.940360810725693, 48.61669357680361],
            [16.847408695821557, 48.34909684845415],
            [17.107101894353733, 48.029573122547426],
            [17.1608069994174, 48.006677999826444],
            [17.080417000246896, 47.874489999925224],
            [16.617551999690907, 47.62509400043148],
            [16.45620599982135, 47.15743699978677],
            [16.344632999521924, 47.0027810004321],
            [16.11379500032069, 46.86908599958105],
            [15.907812391712438, 46.71117672047856],
            [15.456193666388906, 46.634847100380455],
            [15.116166376440612, 46.65694176687773],
            [14.928767754758463, 46.61866482242235],
            [14.780680604660967, 46.501125575785586],
            [14.553125588862926, 46.39266333452487],
            [14.052684271226815, 46.49187783245947],
            [13.714073979576149, 46.52286817400551],
            [12.574956256333207, 46.65462234942685],
            [12.419860125238735, 46.69923358736637],
            [12.200235292416119, 46.88875956488256],
            [12.17122675656803, 47.02278889805996],
            [11.32647588930711, 46.99027200093375],
            [11.109645155933066, 46.925893714881454],
            [11.083938124856058, 46.87005629943944],
            [10.469651500515672, 46.85490900028345],
            [10.483577499247197, 46.91252228279147],
            [10.400076105917444, 46.99452757565328],
            [10.346254093085422, 46.988003922113144],
            [10.266964825337457, 46.92876900776809],
            [9.607041615089555, 47.0607733080075],
            [9.635089380964805, 47.12803399955239],
            [9.530829877304322, 47.270542636772255],
            [9.561812032316956, 47.504399643037225],
            [9.825240767477887, 47.56339536986344],
            [9.96523356971741, 47.53013485812408],
            [10.095300276503865, 47.41846816617679],
            [10.183856404043485, 47.29418495375167],
            [10.449429364595188, 47.485060791088955],
            [11.396899970769505, 47.46653713741726],
            [11.769372314822832, 47.58946531903402],
            [12.337922357612507, 47.69664791442058],
            [12.609175889630674, 47.673840312259095],
            [12.999924585855926, 47.46572242666154],
            [13.048399051061851, 47.49885082525316],
            [13.089407917444579, 47.65233412924732],
            [12.767715657038778, 48.06810312477069],
            [13.659458719105778, 48.54067273810081],
            [13.818108208528582, 48.65942412566229],
            [13.839713060230649, 48.77165956491585],
            [14.123935138520096, 48.59308745828429],
            [14.351688697344429, 48.5651114485659],
            [14.714302766296518, 48.649376780009014],
            [14.893045200072434, 48.77237038352759],
            [14.980265915046038, 48.945762074966275],
            [15.132664560588493, 48.99970574910768],
            [15.291268647327884, 48.984481012635065],
            [15.950380608144918, 48.80931931525973],
            [16.627750324315823, 48.78080440592044],
            [16.869814270563996, 48.71259054458214],
            [16.940360810725693, 48.61669357680361]
          ]
        ]
      }
    },
    {
      "type": "Feature",
      "properties": { "name": "Belgium", "eur": 4469670.5, "eu_contrib": null },
      "geometry": {
        "type": "Polygon",
        "coordinates": [
          [
            [4.937371479632108, 51.40254797674905],
            [5.82625800048946, 51.16656500012902],
            [5.855137999689696, 51.144481999570154],
            [5.64090399989331, 50.84305799978893],
            [5.741084999724997, 50.76467399968883],
            [6.02101699936451, 50.75428300048155],
            [6.220815000233896, 50.63018399979188],
            [6.315473680676808, 50.49699324949891],
            [6.341482999437179, 50.318259999521864],
            [6.217777999517883, 50.25527799967408],
            [6.137667999652196, 50.12994899986095],
            [6.024165999483027, 50.18180499965603],
            [5.97423300050405, 50.17422199993938],
            [5.772007000348054, 49.95077100004304],
            [5.740767000182658, 49.83821100007733],
            [5.754999999931176, 49.79055499971554],
            [5.882181999936646, 49.70562000047081],
            [5.894443999538447, 49.66666699955868],
            [5.866561999482242, 49.571240000075946],
            [5.818385020121885, 49.54610768006461],
            [5.681676499493821, 49.547097500013344],
            [5.398228500331793, 49.61492049980705],
            [5.002905999541073, 49.79140450030078],
            [4.839135999454549, 49.95071799988517],
            [4.144490500035085, 50.03002950035185],
            [4.150856000520887, 50.27786650012504],
            [4.034861000085066, 50.34870900010789],
            [3.857522000413975, 50.34788150024393],
            [3.672456000040174, 50.393982000173224],
            [3.429224999727415, 50.50469949982377],
            [3.251857999552753, 50.673751999571],
            [2.937149999915073, 50.73003749962452],
            [2.910797999874604, 50.695556000439744],
            [2.796093999676742, 50.72443399958956],
            [2.657242000180586, 50.81356800013768],
            [2.54544093636567, 51.090218498953384],
            [3.076820134787122, 51.304325104186596],
            [3.363986000255419, 51.37120800008808],
            [3.381225533704325, 51.283265819796284],
            [3.38117779061287, 51.28293953139175],
            [3.885884000229674, 51.199275999613214],
            [4.061997999561665, 51.244608999909055],
            [4.238470000545782, 51.35023700048232],
            [4.241936999389497, 51.375205999768305],
            [4.748863000439524, 51.49663900047144],
            [4.937371479632108, 51.40254797674905]
          ]
        ]
      }
    },
    {
      "type": "Feature",
      "properties": { "name": "Czechia", "eur": 68400, "eu_contrib": null },
      "geometry": {
        "type": "Polygon",
        "coordinates": [
          [
            [14.82336600000761, 50.870560000177264],
            [14.94328300014451, 50.86671400049892],
            [15.285256999991459, 50.94455200023644],
            [15.571621999869405, 50.778708999945444],
            [15.933715000452182, 50.68677599976253],
            [16.230852999437616, 50.66858299956298],
            [16.34362499975708, 50.49595800033731],
            [16.29331700012656, 50.37330600005438],
            [16.723894999812785, 50.10525000002816],
            [16.962796000606545, 50.23308100022692],
            [16.934430000462605, 50.33001000019378],
            [17.156574999678703, 50.38025500003308],
            [17.59821300012667, 50.27057900016392],
            [17.60526800027495, 50.17103800036043],
            [17.989900000467955, 50.01391999985405],
            [18.169232999823183, 49.99227400041698],
            [18.58597700015333, 49.84897399977966],
            [18.813402000126647, 49.63982900003083],
            [18.850898999431205, 49.516897000446995],
            [18.660509999734867, 49.50356299990637],
            [18.226462999512034, 49.294425999791805],
            [18.113683000460284, 49.11796499955979],
            [17.855925000085485, 48.926093999737425],
            [17.508910999676136, 48.81978200048458],
            [17.193576000290367, 48.874887000112274],
            [17.04965000053554, 48.76792000029014],
            [16.940360810725693, 48.61669357680361],
            [16.869814270563996, 48.71259054458214],
            [16.627750324315823, 48.78080440592044],
            [15.950380608144918, 48.80931931525973],
            [15.291268647327884, 48.984481012635065],
            [15.132664560588493, 48.99970574910768],
            [14.980265915046038, 48.945762074966275],
            [14.893045200072434, 48.77237038352759],
            [14.714302766296518, 48.649376780009014],
            [14.351688697344429, 48.5651114485659],
            [14.123935138520096, 48.59308745828429],
            [13.839713060230649, 48.77165956491585],
            [13.566172999984754, 48.96952400012888],
            [12.67215994786159, 49.42907274707952],
            [12.483663999513173, 49.693064000136175],
            [12.387711999690742, 50.012823999973946],
            [12.200921000453897, 50.10999400002109],
            [12.100342000487263, 50.26341999960083],
            [12.113736000223778, 50.31675399977144],
            [12.438889000591848, 50.335001000126034],
            [13.019925999596042, 50.463118000389606],
            [13.767275999444879, 50.734767000141595],
            [14.309633000214223, 50.88577499954356],
            [14.308056000296977, 50.96277699951362],
            [14.259705000362509, 50.99297400050716],
            [14.317980041517545, 51.05408615136908],
            [14.575427999949342, 51.00251899994605],
            [14.621945000169253, 50.86499999970485],
            [14.82336600000761, 50.870560000177264]
          ]
        ]
      }
    },
    {
      "type": "Feature",
      "properties": {
        "name": "Bulgaria",
        "eur": 177553.78,
        "eu_contrib": 177553.78
      },
      "geometry": {
        "type": "Polygon",
        "coordinates": [
          [
            [28.578888923599735, 43.738721121847156],
            [28.595855713519676, 43.565841675203636],
            [28.40961647086782, 43.392768860388514],
            [28.16154861526704, 43.41037750223518],
            [28.097278596432037, 43.37526321369785],
            [27.95271682732374, 43.176097869621735],
            [27.8991088854039, 42.8602104187419],
            [27.54192542952997, 42.563716888301386],
            [27.538640975233527, 42.45380783094077],
            [27.756235121476376, 42.33285903822065],
            [28.00983428967778, 42.0447044373076],
            [28.031611000288205, 41.98127799993246],
            [27.695888000367678, 41.97577700028205],
            [27.287267000523435, 42.09603499968504],
            [27.107681999727962, 42.08697800000742],
            [26.36906299940818, 41.82062399984435],
            [26.329763000324665, 41.75172099988748],
            [26.35775500031688, 41.711136000337284],
            [26.215981573486395, 41.73323161393962],
            [26.112808385327295, 41.62556629998381],
            [26.15001081722444, 41.59622915440478],
            [26.18898674201584, 41.43865534500667],
            [26.132504093550494, 41.35516074370106],
            [25.960864170462933, 41.31974020768266],
            [25.22368968351402, 41.27732335315658],
            [24.46327531545939, 41.53597170285002],
            [24.289505749721222, 41.55010754208623],
            [24.104186853181393, 41.549134982337854],
            [23.78616163265518, 41.41631348010381],
            [23.225405408507893, 41.337027162730095],
            [22.927173572582713, 41.33848963193791],
            [22.964341068861565, 41.368262837561616],
            [22.990592952510614, 41.769566793187686],
            [22.87674690661369, 41.977201120012246],
            [22.35980561144397, 42.31173955263432],
            [22.463167226389032, 42.345156482338574],
            [22.55861473012394, 42.48122978218179],
            [22.45117506422111, 42.604282042162914],
            [22.440165426539615, 42.82409718767835],
            [22.776199490750056, 42.934750500417614],
            [22.983486248911145, 43.11219812692788],
            [23.00638700556364, 43.18725235014532],
            [22.532828042725754, 43.47255050488019],
            [22.364473343177472, 43.824762345335415],
            [22.418518594206954, 44.006434273412204],
            [22.615250085175415, 44.12963959986254],
            [22.676142999703913, 44.21545099992564],
            [22.776293169418512, 44.17677292591195],
            [23.174135443359305, 43.8205658404071],
            [23.402343168668374, 43.85203048737995],
            [23.948451666799734, 43.74497571312138],
            [25.014131458552416, 43.71706658624586],
            [25.385533931953713, 43.61918693417668],
            [25.786339498778442, 43.70965283445851],
            [26.08058023576956, 43.944273534436604],
            [26.17755564956074, 43.9878046587304],
            [27.04909545398663, 44.14059707969068],
            [27.253606795655998, 44.12144660943439],
            [27.61950534092479, 44.02077480970012],
            [28.223844613762214, 43.762471334187744],
            [28.578888923599735, 43.738721121847156]
          ]
        ]
      }
    },
    {
      "type": "Feature",
      "properties": {
        "name": "Bosnia and Herzegovina",
        "eur": null,
        "eu_contrib": null
      },
      "geometry": {
        "type": "Polygon",
        "coordinates": [
          [
            [19.022172066342954, 44.8553667421851],
            [19.163053999845676, 44.915167999847135],
            [19.36397699961947, 44.8818449995517],
            [19.26510150150942, 44.64651150030566],
            [19.22181900000288, 44.26982299976903],
            [19.348685000204178, 44.23022900026953],
            [19.581203000022178, 44.06554100023848],
            [19.249318999830926, 43.53329599954034],
            [19.222633500037958, 43.52714400044097],
            [19.1531039995231, 43.53514899959058],
            [18.69901799961392, 43.260582000379785],
            [18.484985000271983, 42.935897000255174],
            [18.47153000047221, 42.76371800012405],
            [18.55181000019997, 42.72147499990805],
            [18.560749999974227, 42.64258500021244],
            [18.5284220001944, 42.582940000065],
            [18.43759615349107, 42.556502379754576],
            [18.276664693830114, 42.6134313055662],
            [17.805178460592693, 42.91291199332156],
            [17.688747134434635, 42.92274970265278],
            [17.64906498051162, 42.888852635042504],
            [17.581210360482626, 42.93835653476072],
            [17.68845182439712, 42.96564065302648],
            [17.63484808298013, 43.092907293674735],
            [16.377303852264443, 44.08029974078215],
            [15.760140364186919, 44.880714215456926],
            [15.767677186650669, 45.17071124974206],
            [15.848380411003648, 45.223831324192695],
            [15.985054492366773, 45.22653878362142],
            [16.35823900199089, 45.01036134082564],
            [16.623995821835834, 45.21909154590984],
            [16.984461026264643, 45.2367203410746],
            [17.253036592122065, 45.15163013838062],
            [18.589226770411702, 45.0897163154388],
            [18.679650710892194, 45.07033332862292],
            [18.751568413965625, 44.99732769405548],
            [18.762823504506684, 44.907482334616034],
            [18.791007733654816, 44.88853126191885],
            [18.865850178927367, 44.85261867167637],
            [19.022172066342954, 44.8553667421851]
          ]
        ]
      }
    },
    {
      "type": "Feature",
      "properties": { "name": "Belarus", "eur": null, "eu_contrib": null },
      "geometry": {
        "type": "Polygon",
        "coordinates": [
          [
            [31.78176936480474, 52.11196100869551],
            [31.508902999509317, 52.1213249997559],
            [30.929320000145, 52.049349999767095],
            [30.54181900049461, 51.670427000306056],
            [30.526672999928675, 51.5855129997512],
            [30.620257999920078, 51.42384500029173],
            [30.34088699971091, 51.37002299968249],
            [30.16531999935988, 51.50347099955106],
            [29.728259999405477, 51.49168499951914],
            [29.52036400052524, 51.43302299980887],
            [29.279711000383074, 51.45869899957369],
            [28.906051000643373, 51.58852600045637],
            [28.544009000027685, 51.58199599997189],
            [28.169036000494724, 51.63186600026632],
            [27.845089000021737, 51.55042400035713],
            [27.70978999958631, 51.557208999691916],
            [27.377977000575886, 51.60971900041364],
            [26.961738000143566, 51.746076000450216],
            [26.395531999869412, 51.8574109995329],
            [25.95568699968494, 51.92308599952474],
            [25.31976099964215, 51.94359099994572],
            [24.573999999568347, 51.89421700007167],
            [24.294760999542678, 51.79793400031418],
            [23.676005999549425, 51.5062100003591],
            [23.617825998532325, 51.50787999960399],
            [23.541577999975157, 51.60352399990846],
            [23.543710000226245, 51.7232519997289],
            [23.68449100011345, 51.985892000488434],
            [23.651478000237585, 52.063389000418766],
            [23.614497999336375, 52.10898199956466],
            [23.44273400032844, 52.18018900039064],
            [23.201567000152814, 52.22749799959419],
            [23.17883616344332, 52.28374679279864],
            [23.471218000199364, 52.55126200022956],
            [23.753533999741812, 52.613719000493326],
            [23.938640999527607, 52.71301700030916],
            [23.94018800029111, 52.9547369994828],
            [23.90070700011967, 53.17664200002186],
            [23.818749999712136, 53.24402400018822],
            [23.654007000598053, 53.537332999689724],
            [23.545096999903183, 53.80515199961784],
            [23.51497892734813, 53.95625101684626],
            [23.766520999341996, 53.9228019997866],
            [24.481825000019946, 53.93174699948903],
            [24.697720452697727, 53.993744040782325],
            [24.984349992870428, 54.14909056465951],
            [25.28852176341334, 54.263369501818275],
            [25.496448462675723, 54.30944117238115],
            [25.58176722341197, 54.236915008887465],
            [25.564496380385645, 54.21222481190219],
            [25.66947814539299, 54.32299822923933],
            [25.623776506659755, 54.45303773051492],
            [25.742656914386515, 54.773411129634184],
            [25.955558753935378, 54.95080525806363],
            [26.233198265750918, 55.10171632778704],
            [26.69594664437758, 55.17655007797632],
            [26.829047961911602, 55.27620910848838],
            [26.832030687413823, 55.306675107113485],
            [26.696392000453525, 55.33038900006216],
            [26.62754852489614, 55.5723731205259],
            [26.630371806860882, 55.68059423308611],
            [27.63237600033002, 55.87067300053258],
            [27.67241600049563, 55.938573999558],
            [28.009736999604364, 56.12607499963778],
            [28.151225999793656, 56.17074300040438],
            [28.319204000176978, 56.05931399975735],
            [29.142583000382917, 56.027563999917085],
            [29.449938000550627, 55.95668100052801],
            [29.565783000558653, 55.72946700006781],
            [29.975053000439047, 55.87068299982128],
            [30.284377999563382, 55.85299300016959],
            [30.515380999872413, 55.787571000143856],
            [30.844935000356223, 55.624613000041556],
            [30.996866000109332, 55.136017999492154],
            [31.00457600044977, 55.065226999780464],
            [30.953494999617085, 54.98862600053352],
            [30.988199000293573, 54.690660000366854],
            [31.313390000572067, 54.2840899997554],
            [31.565221000204716, 54.136786000166516],
            [31.689527999528487, 54.106905999627465],
            [31.802774000088377, 53.85456099997474],
            [31.97602299958034, 53.79583200000955],
            [32.191426000100066, 53.79582100021357],
            [32.413683000105785, 53.73011100035392],
            [32.74927299991389, 53.4668270001531],
            [32.74688400049273, 53.34329799969866],
            [32.1482790002568, 53.08335400022985],
            [31.840294000065057, 53.11004599991146],
            [31.79071600035134, 53.168340000255455],
            [31.650598999491002, 53.21973599970986],
            [31.407646999468117, 53.1994939998973],
            [31.32904999962572, 53.05580100034401],
            [31.335744000578796, 52.98964500012707],
            [31.491326999940757, 52.85786600049852],
            [31.557764000143568, 52.706756999506595],
            [31.60781999937124, 52.466397999581346],
            [31.78176936480474, 52.11196100869551]
          ]
        ]
      }
    },
    {
      "type": "Feature",
      "properties": { "name": "Switzerland", "eur": null, "eu_contrib": null },
      "geometry": {
        "type": "Polygon",
        "coordinates": [
          [
            [9.561812032316956, 47.504399643037225],
            [9.530829877304322, 47.270542636772255],
            [9.472157999744134, 47.0612590000844],
            [9.607041615089555, 47.0607733080075],
            [10.266964825337457, 46.92876900776809],
            [10.346254093085422, 46.988003922113144],
            [10.400076105917444, 46.99452757565328],
            [10.483577499247197, 46.91252228279147],
            [10.469651500515672, 46.85490900028345],
            [10.441658499499141, 46.77192599969741],
            [9.990276500057869, 46.31746250023341],
            [9.688660499869066, 46.293834999788466],
            [9.457644365285624, 46.433893511584024],
            [9.296508500314037, 46.355652499716655],
            [9.095014999670537, 46.12607800044607],
            [9.047547999684811, 45.923260999782336],
            [8.839701999451782, 45.98289599997539],
            [8.464290499935691, 46.33527549971521],
            [8.464746499814638, 46.441564999918036],
            [8.438528499989491, 46.46429549954447],
            [8.309649500470131, 46.424280500374444],
            [8.131943499422965, 46.227247499602726],
            [8.114510500489436, 46.12098450020659],
            [7.871949000478401, 45.93262249993646],
            [7.368169499588253, 45.90296299977224],
            [7.107367999607964, 45.8589935002071],
            [7.044886000417014, 45.92241300046307],
            [6.954708000481474, 46.041679499867705],
            [6.821064000295554, 46.42715450004266],
            [6.519103000305474, 46.45636700015474],
            [6.252957000406402, 46.36041999973843],
            [6.219546999640365, 46.31187799938636],
            [6.278878500438209, 46.2514074995927],
            [6.175417000095065, 46.15814200038101],
            [5.982157999764029, 46.13714200015632],
            [5.96367799953594, 46.19697200040881],
            [6.166078000057287, 46.61043150003889],
            [7.180207500534195, 47.44195950032516],
            [7.402847000353218, 47.43786250031176],
            [7.589038999738498, 47.58987799974841],
            [7.64815600036389, 47.55988349855781],
            [8.319549000493183, 47.575806998976034],
            [8.514899999687941, 47.647104499463225],
            [8.71417799946781, 47.76550149854072],
            [9.402919876595972, 47.614727136529744],
            [9.546299694442315, 47.54377542184774],
            [9.561812032316956, 47.504399643037225]
          ]
        ]
      }
    },
    {
      "type": "Feature",
      "properties": { "name": "Moldova", "eur": null, "eu_contrib": null },
      "geometry": {
        "type": "Polygon",
        "coordinates": [
          [
            [28.212888838941033, 45.46743796304514],
            [28.16275499948726, 45.50281400164989],
            [28.13476199854561, 45.574953003032704],
            [28.10728999990709, 46.08880000258628],
            [28.116392000919483, 46.20907500196315],
            [28.22383099975892, 46.38883600182453],
            [28.23859699914276, 46.594998002335345],
            [28.11533900069371, 46.847301002982725],
            [28.08023599848475, 46.96030200289934],
            [28.09638600017549, 46.97845400266444],
            [27.807026999474857, 47.16597600288927],
            [27.456707001370436, 47.504813003969915],
            [27.26671100033362, 47.732952002722115],
            [27.165859999158098, 47.954499003087946],
            [27.035796000803128, 48.09745600435392],
            [26.813251999532113, 48.24988200325764],
            [26.63025876165207, 48.25982410889432],
            [26.61642499949662, 48.27440300280304],
            [26.676279999471394, 48.32176000269994],
            [26.89530799947264, 48.38670000336719],
            [27.49842800150963, 48.456583002759885],
            [27.74861500016487, 48.4581160030395],
            [28.13542300061184, 48.24500800191574],
            [28.503063999987766, 48.129961003731005],
            [29.17503899953679, 47.993750001715604],
            [29.228714000557975, 47.85752900322038],
            [29.237339550463776, 47.74704873719344],
            [29.147708001519188, 47.51246800251889],
            [29.169480873626043, 47.46556227005613],
            [29.3834530006803, 47.34489000271979],
            [29.48645899944809, 47.349717003071795],
            [29.644074314868906, 46.93756509869272],
            [29.979398998557944, 46.81941400210678],
            [29.96702400044783, 46.68293700316951],
            [30.16359000013849, 46.41358000312474],
            [30.088047000130313, 46.38516500252931],
            [29.814199175077427, 46.3906393572675],
            [29.162079000451683, 46.53942900311043],
            [28.998602000960837, 46.479538002975154],
            [28.96093400027492, 46.38803600171065],
            [28.908156999101212, 45.991692002624404],
            [28.37509099954978, 45.52639100297356],
            [28.212888838941033, 45.46743796304514]
          ]
        ]
      }
    },
    {
      "type": "Feature",
      "properties": {
        "name": "Germany",
        "eur": 12124856.18,
        "eu_contrib": null
      },
      "geometry": {
        "type": "MultiPolygon",
        "coordinates": [
          [
            [
              [8.651587823513404, 54.909668691805905],
              [9.295035000218379, 54.80170500041369],
              [9.420489781416876, 54.831946568504314],
              [9.90591449836311, 54.796670500327416],
              [9.935658501455562, 54.66209949980281],
              [9.868767499484154, 54.597083498783014],
              [10.186777498550647, 54.413322498745806],
              [10.645220999778939, 54.340952998961534],
              [10.84063400162095, 54.33727849947099],
              [10.952858501292814, 54.38374550030186],
              [11.073367500309752, 54.37659599869842],
              [11.088229998796972, 54.226486999030996],
              [10.890282999491285, 54.09400949998472],
              [10.948090000471264, 53.97205249933492],
              [11.434515499419927, 53.901065999309],
              [11.567008500505349, 54.0768364989862],
              [12.092589999558072, 54.15383649918149],
              [12.54309600088754, 54.45939999908382],
              [12.856972000579995, 54.44065799855082],
              [12.691614999423868, 54.4318679995703],
              [12.624811999549102, 54.420114999161555],
              [12.415620999290613, 54.3626499991169],
              [12.370339499377366, 54.270342499328336],
              [12.459669500422136, 54.2479499988221],
              [12.433380500489099, 54.296130498555655],
              [12.660168999668121, 54.39946549913372],
              [12.905200000565111, 54.40393799942624],
              [13.485807501456014, 54.103960999491356],
              [13.755308999982669, 54.03468499943681],
              [13.863804000026182, 53.899680999218226],
              [13.806418999848363, 53.85945649892213],
              [13.82015699980922, 53.84247399868732],
              [14.267491376480628, 53.69778711549583],
              [14.406204999757845, 53.343943999977185],
              [14.421150000043436, 53.234029999587875],
              [14.352823000512844, 53.05944300035108],
              [14.220165000314282, 52.98915600037885],
              [14.668803999403615, 52.260084999937504],
              [14.757671999591793, 52.068145999498974],
              [14.682321000447011, 51.896169000319766],
              [14.604432000360116, 51.805440000175075],
              [14.747378000243756, 51.59467900047536],
              [14.956470000328764, 51.46203500019653],
              [15.039749999655129, 51.27465800006416],
              [14.975414999414298, 51.075418000043776],
              [14.82336600000761, 50.870560000177264],
              [14.621945000169253, 50.86499999970485],
              [14.575427999949342, 51.00251899994605],
              [14.317980041517545, 51.05408615136908],
              [14.259705000362509, 50.99297400050716],
              [14.308056000296977, 50.96277699951362],
              [14.309633000214223, 50.88577499954356],
              [13.767275999444879, 50.734767000141595],
              [13.019925999596042, 50.463118000389606],
              [12.438889000591848, 50.335001000126034],
              [12.113736000223778, 50.31675399977144],
              [12.100342000487263, 50.26341999960083],
              [12.200921000453897, 50.10999400002109],
              [12.387711999690742, 50.012823999973946],
              [12.483663999513173, 49.693064000136175],
              [12.67215994786159, 49.42907274707952],
              [13.566172999984754, 48.96952400012888],
              [13.839713060230649, 48.77165956491585],
              [13.818108208528582, 48.65942412566229],
              [13.659458719105778, 48.54067273810081],
              [12.767715657038778, 48.06810312477069],
              [13.089407917444579, 47.65233412924732],
              [13.048399051061851, 47.49885082525316],
              [12.999924585855926, 47.46572242666154],
              [12.609175889630674, 47.673840312259095],
              [12.337922357612507, 47.69664791442058],
              [11.769372314822832, 47.58946531903402],
              [11.396899970769505, 47.46653713741726],
              [10.449429364595188, 47.485060791088955],
              [10.183856404043485, 47.29418495375167],
              [10.095300276503865, 47.41846816617679],
              [9.96523356971741, 47.53013485812408],
              [9.825240767477887, 47.56339536986344],
              [9.561812032316956, 47.504399643037225],
              [9.546299694442315, 47.54377542184774],
              [9.402919876595972, 47.614727136529744],
              [8.71417799946781, 47.76550149854072],
              [8.514899999687941, 47.647104499463225],
              [8.319549000493183, 47.575806998976034],
              [7.64815600036389, 47.55988349855781],
              [7.589038999738498, 47.58987799974841],
              [7.527951499582031, 47.71078899960903],
              [7.569181000032069, 48.038430999864445],
              [7.861734500076284, 48.65059250004796],
              [8.107652999891773, 48.83320750030771],
              [8.193613999654062, 48.953957500077536],
              [7.957115499846217, 49.04396599974093],
              [7.500084000409211, 49.13059900037748],
              [7.081813500281568, 49.12775200008388],
              [6.738397500294587, 49.16359799964161],
              [6.551473000056827, 49.4246954995076],
              [6.462770499924115, 49.465033499741175],
              [6.36710750033318, 49.46950700042514],
              [6.43981099993991, 49.658985999748644],
              [6.341537223418871, 49.84704404202629],
              [6.16572099959439, 49.97087499972527],
              [6.115139000409211, 50.055693999737294],
              [6.137667999652196, 50.12994899986095],
              [6.217777999517883, 50.25527799967408],
              [6.341482999437179, 50.318259999521864],
              [6.315473680676808, 50.49699324949891],
              [6.220815000233896, 50.63018399979188],
              [6.02101699936451, 50.75428300048155],
              [6.018195000454488, 50.82895899955025],
              [6.123247569396637, 51.181303164494246],
              [6.225924999924977, 51.40026500042615],
              [6.223268999910681, 51.470412999985754],
              [6.195719950418233, 51.530049137431],
              [5.9869440001734, 51.738888999536634],
              [5.971599407169458, 51.801401155488044],
              [5.986944000419359, 51.83055600006424],
              [6.1307720002023, 51.88886400040121],
              [6.406935999755993, 51.84947499997787],
              [6.703680000485425, 51.906566000489136],
              [6.979167000305479, 52.212499999679636],
              [6.9632479999436, 52.444511999947764],
              [6.897304999728347, 52.65119199977102],
              [7.061278000098437, 52.69854699994864],
              [7.207327902535713, 53.03733529995594],
              [7.211398475047968, 53.23493604261486],
              [7.259688492412514, 53.32819192441842],
              [7.028705499847784, 53.33633699911438],
              [6.998063498656747, 53.371655999452024],
              [7.03666250038262, 53.52352299946931],
              [7.244753999842828, 53.66883549931515],
              [8.012120999223932, 53.711703499500395],
              [8.154433000186895, 53.58289999877746],
              [8.164292999725351, 53.52261449870256],
              [8.092631999749518, 53.501915498968174],
              [8.31282900057413, 53.52001299849896],
              [8.702246500068746, 53.87871099857264],
              [9.080145470524785, 53.89106837609745],
              [8.682784000093832, 54.27141199894428],
              [8.870467500105502, 54.55780149897034],
              [8.710046000383599, 54.72325299891102],
              [8.47125999947337, 54.877815998976835],
              [8.651587823513404, 54.909668691805905]
            ]
          ],
          [
            [
              [13.411146999887979, 54.65506099908942],
              [13.463444999718426, 54.57094099880245],
              [13.66749750010438, 54.51992199921504],
              [13.670782499877193, 54.33001299849631],
              [13.504352500087599, 54.34169049866812],
              [13.369221001338351, 54.25483699917258],
              [13.157612999583744, 54.37493449965322],
              [13.25386349990904, 54.47181849909189],
              [13.52966100047333, 54.41685149856427],
              [13.548616500401316, 54.47374249858682],
              [13.487622499049387, 54.55564949889701],
              [13.383776499836701, 54.587498998769526],
              [13.161297500810836, 54.55962249876456],
              [13.26698250057165, 54.6666334995343],
              [13.394567501072611, 54.68278849904647],
              [13.411146999887979, 54.65506099908942]
            ]
          ]
        ]
      }
    },
    {
      "type": "Feature",
      "properties": { "name": "Denmark", "eur": 2817000, "eu_contrib": null },
      "geometry": {
        "type": "MultiPolygon",
        "coordinates": [
          [
            [
              [10.017928881398836, 57.07742001950293],
              [10.221018389654994, 56.9800005401602],
              [10.279409408847064, 56.905944823866626],
              [10.348506926815814, 56.618938446032914],
              [10.628975867895406, 56.51776504500732],
              [10.83411312053274, 56.526336669684866],
              [10.962029457398497, 56.433788300133585],
              [10.91811466154006, 56.33597564746343],
              [10.74535179058022, 56.168899535932425],
              [10.523942947503102, 56.138153076349866],
              [10.432124138500821, 56.156867982012],
              [10.440215110503539, 56.20555877711442],
              [10.228568076400366, 56.1270370485416],
              [10.078597068503873, 55.887496948575794],
              [9.670589446419102, 55.52853012074812],
              [9.646160124628109, 55.29211044360254],
              [9.499848365886375, 55.11952209485652],
              [9.472631453943487, 55.04908371120168],
              [9.744876862406766, 54.97328949052636],
              [9.777295113637571, 54.91654968303745],
              [9.765275001410744, 54.853328704583774],
              [9.555484772250976, 54.87917327906415],
              [9.420489781416876, 54.831946568504314],
              [9.295035000218379, 54.80170500041369],
              [8.651587823513404, 54.909668691805905],
              [8.681203841935318, 55.18729400571203],
              [8.66895866414845, 55.339260101363955],
              [8.625709533942224, 55.42775726281179],
              [8.320524216457652, 55.548660279025576],
              [8.245319365691964, 55.503620148270166],
              [8.145988463562054, 55.54336547949528],
              [8.110518456004536, 55.61468505941885],
              [8.186115264373814, 55.885490416503316],
              [8.273783684570558, 55.84572982852093],
              [8.382503509702923, 55.90438461353373],
              [8.377355575565948, 55.94913864121931],
              [8.291037560629542, 56.05519485486875],
              [8.222177504447593, 56.10131835888681],
              [8.13150501301577, 56.303459167930825],
              [8.123202324102971, 56.38006973425177],
              [8.203534125714926, 56.658020020498974],
              [8.211213112076397, 56.6293907167743],
              [8.3225669862502, 56.5709495545449],
              [8.600809556461359, 56.491449972026494],
              [8.85556337158435, 56.74849970184898],
              [8.951046251372327, 56.80061742145],
              [9.020543383032027, 56.798912818185414],
              [9.108043383553133, 56.783117421443784],
              [9.146156298103875, 56.72711742218797],
              [9.12836854792352, 56.61428803065126],
              [9.303591784262522, 56.520247534018395],
              [9.368623553311803, 56.52817156014425],
              [9.377156297968765, 56.56387523547139],
              [9.290625078523671, 56.698524297650735],
              [9.204001147637602, 56.766430899547444],
              [9.161005876367138, 56.88707707820882],
              [9.182839434178565, 56.925321263955496],
              [9.3368394339246, 57.00582126352372],
              [9.497363909027575, 57.015101584178566],
              [9.580251360505876, 56.988103154984586],
              [10.017928881398836, 57.07742001950293]
            ]
          ],
          [
            [
              [11.47334003235311, 54.83912277183043],
              [11.563059806494419, 54.82429122899036],
              [11.596405983885163, 54.825298309266316],
              [11.638557434193768, 54.89893722493086],
              [11.815582273639427, 54.79219055208465],
              [11.851357459715102, 54.72826766990369],
              [11.838473320118363, 54.653953552170805],
              [11.505274772679511, 54.63774108853477],
              [11.095325468545257, 54.74111938508422],
              [11.00943946708705, 54.80145263725911],
              [11.10617923631079, 54.835193633761264],
              [11.02170753550016, 54.87992858886474],
              [11.036128043630324, 54.91670990027275],
              [11.179264068113397, 54.958877563890695],
              [11.265255928077634, 54.954235076127155],
              [11.47334003235311, 54.83912277183043]
            ]
          ],
          [
            [
              [15.121336937288643, 55.01504516553475],
              [15.083986281296104, 54.98788070722393],
              [14.689197540200434, 55.09279632705443],
              [14.719261169828972, 55.23552703991249],
              [14.772235870402886, 55.30013656522802],
              [14.991103171301905, 55.19449615463973],
              [15.156765938235225, 55.12365341328448],
              [15.121336937288643, 55.01504516553475]
            ]
          ],
          [
            [
              [10.47263336194558, 55.56305694493601],
              [10.435749052956181, 55.4419326770652],
              [10.618714334027295, 55.511459351169215],
              [10.61159897015491, 55.61077880861712],
              [10.752725602271958, 55.47993469273238],
              [10.83711147350414, 55.29219818056856],
              [10.746255875591999, 55.06929397677254],
              [10.490253448155043, 55.03475952051891],
              [10.226999282602812, 55.08823776161995],
              [10.10220241521096, 55.184108733097965],
              [9.983788490219442, 55.16798400846495],
              [9.743459701942779, 55.50813675036247],
              [10.302610397193414, 55.62609481851343],
              [10.427033424620216, 55.58880233792379],
              [10.47263336194558, 55.56305694493601]
            ]
          ],
          [
            [
              [12.599490164453927, 55.79298400889496],
              [12.443254470619106, 55.61882019050704],
              [12.311276437271989, 55.4027099624202],
              [12.152383803416205, 55.02926254151356],
              [11.77494621238042, 55.055557251393864],
              [11.744454383984205, 55.197204590516805],
              [11.691011428781215, 55.20775604219547],
              [11.432200431923878, 55.21754455614486],
              [11.205987929593753, 55.3840713513869],
              [11.09862422809193, 55.634319305907184],
              [11.22271632948145, 55.73789978024811],
              [11.708077431275274, 55.91393661579952],
              [11.77526569463318, 55.66291045950258],
              [11.815022470542972, 55.66775131205479],
              [11.863482474346933, 55.73304367050094],
              [12.064207077059011, 55.6583862314681],
              [12.112709045473634, 55.72405242924652],
              [12.062285424022287, 55.88525390580044],
              [11.978324891448098, 55.965698241977584],
              [11.903059959086223, 55.99085998459146],
              [12.161258697353777, 56.09134292646242],
              [12.36369419026023, 56.107589721793204],
              [12.459686279023929, 56.087779998994925],
              [12.6348495488884, 56.03261566320404],
              [12.599490164453927, 55.79298400889496]
            ]
          ],
          [
            [
              [10.557168960476266, 57.27861785879993],
              [10.342645644532631, 56.990444182506906],
              [10.22771974406062, 56.99318076107476],
              [10.024736619629776, 57.09172368444111],
              [9.09559984045748, 57.030060964441205],
              [8.726275285404908, 56.94805513722633],
              [8.627706727855838, 56.89523149730395],
              [8.444129228423366, 56.69770793813989],
              [8.52701176644276, 56.67464903776364],
              [8.509529114652958, 56.60482788131571],
              [8.229810714882346, 56.72908020049529],
              [8.241415977266035, 56.80276107937602],
              [8.344321250570436, 56.92634964007413],
              [8.623206139532451, 57.12031555175345],
              [9.39670658051434, 57.15497207702727],
              [9.596507071625233, 57.256786345973524],
              [9.75652885461506, 57.41225814774749],
              [10.072977066130363, 57.58284378154719],
              [10.528656006401926, 57.72884369024941],
              [10.54025459251683, 57.68828201350236],
              [10.435697555697821, 57.59350585945387],
              [10.453395844186918, 57.533927917124586],
              [10.546634674376614, 57.46258544855198],
              [10.557168960476266, 57.27861785879993]
            ]
          ]
        ]
      }
    },
    {
      "type": "Feature",
      "properties": { "name": "Estonia", "eur": 511634.39, "eu_contrib": null },
      "geometry": {
        "type": "MultiPolygon",
        "coordinates": [
          [
            [
              [26.097614287834208, 59.59803390510726],
              [27.149141311302234, 59.439285278489244],
              [27.800737380808474, 59.397747040528856],
              [27.950975418642823, 59.41336440986868],
              [28.041584000037012, 59.47205699991379],
              [28.208954999712454, 59.37220999986309],
              [27.427101999346252, 58.82147099982229],
              [27.49367700034692, 58.3124160000648],
              [27.66773400021535, 57.957893999678994],
              [27.38029000008776, 57.65168400019632],
              [27.351462000625073, 57.51807400037317],
              [27.211282999958367, 57.552766000238975],
              [26.77289299950283, 57.57412699947858],
              [26.49835599985459, 57.5269880002398],
              [26.337590000509607, 57.58051299971954],
              [25.95128100015809, 57.84846799994365],
              [25.189758999484162, 58.07981700027465],
              [24.352187038554003, 57.8763495835288],
              [24.483463287580072, 58.12849426264258],
              [24.29090309101645, 58.36487960834027],
              [24.063030243021437, 58.26037979135811],
              [23.77257347047409, 58.35541915956841],
              [23.551673888218783, 58.56554412775816],
              [23.569171906250993, 58.73361587453691],
              [23.417222976058163, 59.02583694460318],
              [23.517082212783237, 59.16504669323001],
              [23.613882063665837, 59.22331237751448],
              [23.841560364017052, 59.2855529790904],
              [24.077320498055407, 59.27187869425472],
              [24.069938264453132, 59.33917377278365],
              [24.49518394503179, 59.45296478287026],
              [24.9917464195055, 59.49309841806806],
              [25.39768600544672, 59.489421843519196],
              [25.687976837001738, 59.616554260376624],
              [26.097614287834208, 59.59803390510726]
            ]
          ],
          [
            [
              [22.96162796014078, 58.61226272592072],
              [23.331619263385054, 58.460262299160576],
              [23.30795860217633, 58.43432617262806],
              [23.18951988207279, 58.47552108807504],
              [22.846796036217192, 58.29877090407813],
              [22.06583595325257, 58.050735473086725],
              [21.883552550995702, 58.329936981183494],
              [21.948280334068397, 58.42259597923543],
              [22.03152275086013, 58.493175507584375],
              [22.54806900057159, 58.63426590047455],
              [22.59510421750043, 58.61611556855468],
              [22.96162796014078, 58.61226272592072]
            ]
          ],
          [
            [
              [22.938901900843568, 58.96807479947612],
              [23.074670792168696, 58.83890914919895],
              [22.955915451615656, 58.84508132855111],
              [22.716064452784337, 58.76232528685241],
              [22.470916739134463, 58.722398276369184],
              [22.24469757045986, 58.93420791589362],
              [22.397909164191343, 58.936985015069375],
              [22.53944778429694, 59.02468109072471],
              [22.587284087222034, 59.091030120575745],
              [22.64072608935484, 59.08283996618353],
              [22.938901900843568, 58.96807479947612]
            ]
          ]
        ]
      }
    },
    {
      "type": "Feature",
      "properties": { "name": "Finland", "eur": null, "eu_contrib": null },
      "geometry": {
        "type": "Polygon",
        "coordinates": [
          [
            [27.886192144350762, 70.08523448825028],
            [28.40359300006857, 69.81937100017191],
            [29.133588000184613, 69.69555899977577],
            [29.33763000055718, 69.4786410001937],
            [29.202536527048657, 69.38965057653921],
            [28.831486999472425, 69.2240829995362],
            [28.80474300054834, 69.11116699971195],
            [28.930018999512285, 69.05181299965892],
            [28.75490199939173, 69.00321900062795],
            [28.545619999931663, 68.8858000004022],
            [28.551338999508303, 68.62319800054243],
            [28.433988000662694, 68.53921999989271],
            [28.63244300005274, 68.21982700063698],
            [28.653089000682456, 68.19539799998728],
            [28.96135100045902, 68.14009300042869],
            [29.49221399970703, 67.94035600000872],
            [30.009831999975027, 67.66068999974286],
            [29.930105000310373, 67.52231100056933],
            [29.07397700000644, 66.9965010006894],
            [29.03371999992779, 66.9254179995486],
            [29.125017000777007, 66.78701900023711],
            [29.53549799998928, 66.47805200016595],
            [29.924153999834278, 66.12672499974732],
            [30.06848200040322, 65.8951149995458],
            [30.118890999820565, 65.75410299979751],
            [30.138533999342858, 65.66861099992413],
            [30.03350799997962, 65.68973599989009],
            [29.75450200057172, 65.60955699954823],
            [29.704255999618695, 65.23045799987844],
            [29.610206999777546, 65.00884500009515],
            [29.6109269994562, 64.92769299939302],
            [29.687861000498685, 64.81868700031366],
            [29.740019000333767, 64.78964399940156],
            [29.852945000542416, 64.78963899995918],
            [30.34399699956299, 64.30688399961362],
            [30.50359200043273, 64.2190309994413],
            [30.553557999882642, 64.10166400014859],
            [30.527885999801644, 64.0488320000828],
            [30.291600999867974, 63.867504999422],
            [30.18095600028903, 63.80691299948626],
            [29.971587999730136, 63.757073000055655],
            [30.463012000312816, 63.48216499978801],
            [30.84218599935399, 63.37524600001471],
            [31.23802100028091, 63.218826000121254],
            [31.587099999935283, 62.908525000263566],
            [31.223110999999392, 62.4999269996661],
            [31.12142399968275, 62.43224099955443],
            [30.58197400010993, 62.128847999673994],
            [29.27809299992362, 61.30312500000368],
            [28.38776599987193, 60.88186799975379],
            [27.80296013357039, 60.54885966397625],
            [27.599563599535404, 60.495285033658256],
            [27.101238250364666, 60.536140441871765],
            [26.013910295251776, 60.388534546638574],
            [25.914678573991715, 60.353778839823796],
            [25.676790237622143, 60.38102722172451],
            [24.639297484326768, 60.12379073962981],
            [23.38514900172056, 59.9378318803784],
            [23.16503333957214, 59.89207076966554],
            [23.217117309419578, 60.01932525560938],
            [22.98429298426568, 59.97021484340874],
            [23.029008864405185, 60.110176086543234],
            [23.040275573496398, 60.32559585650093],
            [22.98237609902288, 60.33166885495825],
            [22.590990066406643, 60.223773954430214],
            [22.49860954247868, 60.253639221216154],
            [22.50638008145696, 60.302661896372115],
            [22.581806183451775, 60.3785362235668],
            [22.50818252591291, 60.41391372648959],
            [21.86810493398733, 60.54430770879404],
            [21.773180007722406, 60.48916626055113],
            [21.814729690441283, 60.52782821719747],
            [21.85544967661232, 60.65031814469435],
            [21.57586669929104, 60.55914306655066],
            [21.39601898171225, 60.6606636050485],
            [21.481225965606036, 60.711261748313106],
            [21.35233116072084, 60.86215973053503],
            [21.3036880483141, 61.00380325300867],
            [21.54689407260252, 61.247947691906546],
            [21.51609802168889, 61.291179657275116],
            [21.557073592948264, 61.500736236455765],
            [21.63319587699091, 61.6179199216428],
            [21.4453239444571, 61.91736602741117],
            [21.383178710958937, 62.277191163266934],
            [21.139822005499433, 62.53395461986948],
            [21.12415504539705, 62.68571853571732],
            [21.179639816617797, 62.80091476455243],
            [21.25785827668914, 62.863948822578685],
            [21.419881820364544, 62.88133621199478],
            [21.688570024041475, 63.211082458760764],
            [22.02720642055419, 63.19854354856868],
            [22.369649887930404, 63.29876327507504],
            [22.412275313564148, 63.47179031395502],
            [22.502845764232276, 63.569557190395],
            [22.821033477432998, 63.6516799926725],
            [22.938461302362953, 63.755092620128224],
            [22.87774467547013, 63.80174636840367],
            [22.783214569730827, 63.79914092979435],
            [22.72881889253246, 63.840442657825655],
            [23.3905620567801, 63.92436981143282],
            [23.6442298885657, 64.13611602752013],
            [24.642887113696354, 64.83505248889675],
            [24.835498810199475, 64.89060974247444],
            [25.103397369060428, 64.92224883990963],
            [25.247081756551143, 64.8741912839025],
            [25.422208785681676, 64.94989013643017],
            [25.359575271524054, 65.10808563239964],
            [25.311769484760603, 65.19605255129034],
            [25.35244750966307, 65.43249511676655],
            [25.24826812767078, 65.52995300362427],
            [25.04988479672286, 65.6218566894122],
            [24.15406657627201, 65.8187568527338],
            [23.93594380819759, 66.12090494998743],
            [23.726940549391415, 66.20439749121239],
            [23.6507969386227, 66.2983859305547],
            [23.654233015412867, 66.41474904170887],
            [23.68383746305264, 66.47207451233244],
            [23.879459950512306, 66.63282101697214],
            [23.97048792152576, 66.78737895316961],
            [23.79472796241974, 66.98381505579604],
            [23.610965967115742, 67.27397491897212],
            [23.48888699926609, 67.6681449993815],
            [23.55981699941311, 67.90282099958472],
            [23.428255999711396, 68.03881500023702],
            [23.064642999935074, 68.28875500069161],
            [22.834680000581763, 68.37627400007551],
            [22.007972999594287, 68.51141800004841],
            [21.538302667685265, 68.67604780180369],
            [20.68368000038648, 69.04248299936829],
            [20.55032899937147, 69.06008999926107],
            [21.281206000025175, 69.31129799934094],
            [21.557637874408652, 69.28387807328929],
            [21.68538313953396, 69.2385934561351],
            [22.176453999160028, 68.95618499929186],
            [22.463708370426613, 68.73156955747123],
            [23.116860081759896, 68.64061332647479],
            [23.60894799209288, 68.70505661069197],
            [23.725936043327703, 68.7737200008191],
            [24.116991793629616, 68.78501701896614],
            [24.905045297467307, 68.57712751382937],
            [25.111843683138424, 68.665630273351],
            [25.46680081431494, 68.90137368836002],
            [25.719902000420205, 69.11128000060437],
            [25.70715899986985, 69.25428700036913],
            [25.884148000160074, 69.55445999939171],
            [26.029986500482426, 69.72295445735087],
            [26.48874099947605, 69.94383499943403],
            [26.76908271109744, 69.9537488722284],
            [27.049439131247983, 69.91410156654322],
            [27.62949310767564, 70.07578781555394],
            [27.886192144350762, 70.08523448825028]
          ]
        ]
      }
    },
    {
      "type": "Feature",
      "properties": {
        "name": "Faroe Islands",
        "eur": null,
        "eu_contrib": null
      },
      "geometry": {
        "type": "MultiPolygon",
        "coordinates": [
          [
            [
              [-7.125414634876052, 62.30170610196677],
              [-7.068531561801753, 62.259487152028974],
              [-7.007390022273441, 62.200195310677834],
              [-6.993606590272432, 62.18889545245757],
              [-6.866082667857009, 62.11833953897967],
              [-6.757785200875548, 62.048505782404796],
              [-6.747503518419506, 62.03231430088892],
              [-6.729141644179069, 61.97930090859474],
              [-6.72451877497398, 61.95038986254099],
              [-6.725945550483252, 61.94970448895017],
              [-6.741640090319436, 61.94216537476638],
              [-6.761311244201912, 61.94429092412463],
              [-6.767049918654258, 61.94570922877962],
              [-6.788275359946121, 61.95425224314239],
              [-6.811695792760878, 61.96462388425044],
              [-6.877894401178241, 61.99889526344638],
              [-6.991947744596583, 62.06715698266683],
              [-7.096774627973165, 62.12130295556232],
              [-7.128418094239581, 62.12272593153754],
              [-7.215001137814716, 62.162827301607784],
              [-7.246886968397007, 62.18332290744093],
              [-7.244249819739598, 62.19846598354072],
              [-7.231950950544986, 62.26833114816334],
              [-7.224812506443694, 62.29720401749108],
              [-7.222364545507924, 62.30130004944482],
              [-7.211772917711561, 62.308052062536945],
              [-7.174755096097063, 62.310600280508076],
              [-7.125414634876052, 62.30170610196677]
            ]
          ],
          [
            [
              [-6.854690552558676, 61.60841809856344],
              [-6.771593092535881, 61.58506393402014],
              [-6.66979884969318, 61.41570663461378],
              [-6.670214923608633, 61.414222989889424],
              [-6.674375669534156, 61.399386542160215],
              [-6.675623892683789, 61.39493560778769],
              [-6.686793445405063, 61.39728641472876],
              [-6.69748422128277, 61.40015520482225],
              [-6.74426317227682, 61.41299724445213],
              [-6.85510897536393, 61.47327041727096],
              [-6.870594977431163, 61.484954834398586],
              [-6.981934865765984, 61.60330708780589],
              [-6.995989323032501, 61.628062112656956],
              [-6.99696481181488, 61.63080024853702],
              [-6.978331090153429, 61.649402617812015],
              [-6.975657623441519, 61.65104802489489],
              [-6.974320888450226, 61.65187072859388],
              [-6.972832481338938, 61.65201505156335],
              [-6.959436813667643, 61.65331395361897],
              [-6.956459999412895, 61.65360259958999],
              [-6.953238067453174, 61.653914488679845],
              [-6.951627102526413, 61.65407043343279],
              [-6.922629718543675, 61.65687744059514],
              [-6.916185856404397, 61.65750122033613],
              [-6.914746434040393, 61.65697979920512],
              [-6.89603394231736, 61.650201320820386],
              [-6.893155098352058, 61.649158478161546],
              [-6.854690552558676, 61.60841809856344]
            ]
          ],
          [
            [
              [-6.848712921440914, 61.79200744569466],
              [-6.831466198210441, 61.78969955451455],
              [-6.818829249047917, 61.78786850026351],
              [-6.815670012732261, 61.78741073626481],
              [-6.813131195126817, 61.78619548350176],
              [-6.808053561031572, 61.78376497622053],
              [-6.806784153671209, 61.78315734908519],
              [-6.805811118373293, 61.7818748478866],
              [-6.804838084869726, 61.78059234703477],
              [-6.796080780326343, 61.769049836289824],
              [-6.792188645180931, 61.76391983122866],
              [-6.791589533577717, 61.76263427855936],
              [-6.789193086363217, 61.75749206553826],
              [-6.787994863086547, 61.754920958343035],
              [-6.813685844956531, 61.75238960601601],
              [-6.816897217711134, 61.752073187022546],
              [-6.818502903777097, 61.7519149783762],
              [-6.819926540449252, 61.75265200937974],
              [-6.849822918285577, 61.76812966627764],
              [-6.852670191990088, 61.76960372925446],
              [-6.852997196622517, 61.772663963934214],
              [-6.853978211633025, 61.781844668329406],
              [-6.854141713616238, 61.783374785340506],
              [-6.852590629998717, 61.7858412604097],
              [-6.849488462545553, 61.79077420936394],
              [-6.848712921440914, 61.79200744569466]
            ]
          ],
          [
            [
              [-6.900306150508041, 61.91289402942237],
              [-6.815835954419204, 61.90268707358191],
              [-6.814478478310599, 61.90243848244641],
              [-6.810406049217409, 61.90169270761608],
              [-6.807691097453004, 61.901195524444695],
              [-6.69835718549155, 61.866074879768014],
              [-6.655287266382779, 61.836513519386486],
              [-6.651709078543606, 61.7689018240203],
              [-6.670952796917828, 61.7570533759487],
              [-6.676431656310049, 61.75698471103996],
              [-6.67917108542722, 61.75695037924129],
              [-6.683400392827624, 61.75856113478568],
              [-6.684810162712289, 61.7590980544599],
              [-6.854737377492284, 61.83526992854993],
              [-6.91338125872091, 61.888015747447874],
              [-6.935653686653296, 61.91054916246752],
              [-6.900306150508041, 61.91289402942237]
            ]
          ],
          [
            [
              [-6.653794765397229, 62.00522613420767],
              [-6.651072978468824, 62.003767532722115],
              [-6.640185832729681, 61.99793312667708],
              [-6.63882493957035, 61.99720382599894],
              [-6.6110057828266, 61.96651458720245],
              [-6.610760092872093, 61.96496391294549],
              [-6.610514403741551, 61.963413239280975],
              [-6.610023023139707, 61.96031189000904],
              [-6.612316131525175, 61.95704803404234],
              [-6.613080502283799, 61.95596008178205],
              [-6.613844872534964, 61.954872129384825],
              [-6.615102530705288, 61.954318999376554],
              [-6.61636018821488, 61.95376586770819],
              [-6.621390819475081, 61.95155334545847],
              [-6.622750812994805, 61.95213487342785],
              [-6.633630752836196, 61.95678710847236],
              [-6.63478803689095, 61.957550047770624],
              [-6.638259887674863, 61.95983886639533],
              [-6.66643142760806, 61.98071034626244],
              [-6.667598675713674, 62.00232238755825],
              [-6.664743423521135, 62.01502227848381],
              [-6.653794765397229, 62.00522613420767]
            ]
          ],
          [
            [
              [-7.579224109592388, 62.121196747407325],
              [-7.54789810140575, 62.10795135387445],
              [-7.544243335337293, 62.09637260349917],
              [-7.589465920175124, 62.10015210139814],
              [-7.628636974214115, 62.10255241465053],
              [-7.663117599258766, 62.10162239041911],
              [-7.670421361062452, 62.1049137134446],
              [-7.616999267687206, 62.1176357263668],
              [-7.596794128473283, 62.121582030710954],
              [-7.590405030678371, 62.12144192797264],
              [-7.582418659555072, 62.121266799565454],
              [-7.580821384708455, 62.121231773472275],
              [-7.579224109592388, 62.121196747407325]
            ]
          ],
          [
            [
              [-7.081381439746745, 62.101412772471456],
              [-7.075130342544321, 62.09984683979624],
              [-7.072004795164417, 62.09906387292363],
              [-7.06438035177929, 62.0907017630431],
              [-7.063291145956313, 62.089507175483824],
              [-7.060023527682515, 62.085923415146574],
              [-7.057845116347591, 62.08353424042703],
              [-7.057276407409893, 62.082228343381395],
              [-7.056707699990612, 62.08092244464953],
              [-7.056138991754781, 62.0796165467111],
              [-7.078163760496914, 62.05380793955547],
              [-7.157898904184817, 62.03412628221436],
              [-7.200965404638044, 62.02664820332528],
              [-7.227733054313999, 62.026377358827276],
              [-7.352995873348362, 62.05761337241093],
              [-7.424145697260376, 62.10622024450886],
              [-7.45143145282531, 62.1269063944082],
              [-7.455751418671138, 62.13333702218763],
              [-7.457752705622771, 62.147098541109344],
              [-7.456735254561305, 62.14789009102945],
              [-7.453682900066787, 62.150264739383154],
              [-7.438498020164189, 62.150806426720706],
              [-7.238081930222552, 62.157852172527186],
              [-7.081381439746745, 62.101412772471456]
            ]
          ],
          [
            [
              [-6.305017947613771, 62.29890823365511],
              [-6.307388603573288, 62.284088136022426],
              [-6.316514332018922, 62.24926249103459],
              [-6.328230822465178, 62.24318636412402],
              [-6.370630815221928, 62.236396588513166],
              [-6.38221788398338, 62.246212006586816],
              [-6.406301974944399, 62.269081114781265],
              [-6.407780051589039, 62.27340412067777],
              [-6.408272744352471, 62.27484512276635],
              [-6.404370690557037, 62.279178619661664],
              [-6.403395175403114, 62.28026199384436],
              [-6.399394892734514, 62.28225555541757],
              [-6.398061466474314, 62.28292007445155],
              [-6.396728038009871, 62.28358459502544],
              [-6.393884863440909, 62.28399440243165],
              [-6.392463275424487, 62.28419930697549],
              [-6.341308785164438, 62.3039321900684],
              [-6.338813781656414, 62.305492400465816],
              [-6.3358208925918, 62.30598137565562],
              [-6.328338667466199, 62.3072038124089],
              [-6.323849332078029, 62.30793727469253],
              [-6.32235288666085, 62.308181762408495],
              [-6.305017947613771, 62.29890823365511]
            ]
          ],
          [
            [
              [-6.956765652033983, 62.34317016587054],
              [-6.795068110973247, 62.27173126219685],
              [-6.711381434499037, 62.22135901557898],
              [-6.621668709580818, 62.14140828367227],
              [-6.64407199856399, 62.10731102439858],
              [-6.680055141639949, 62.06429672324104],
              [-6.684241531905567, 62.06212520594962],
              [-6.685636995805151, 62.0614013665617],
              [-6.687157510428888, 62.061453342376076],
              [-6.694760084248229, 62.06171321741998],
              [-6.697801113065259, 62.06181716861628],
              [-6.73389673191513, 62.09512710573582],
              [-6.929689566486307, 62.16664632060347],
              [-6.980664412397707, 62.194348653516144],
              [-6.99402832977508, 62.20414543303938],
              [-7.041567121029413, 62.24386269716597],
              [-7.076743028615526, 62.29778976366082],
              [-7.07485621226275, 62.31633976440321],
              [-7.003376190485137, 62.33783956671103],
              [-6.978894711439923, 62.34346008300625],
              [-6.977314064214318, 62.34343937439614],
              [-6.967830182574325, 62.34331512544148],
              [-6.959926945376798, 62.343211582840816],
              [-6.956765652033983, 62.34317016587054]
            ]
          ],
          [
            [
              [-6.265188694311862, 62.348182678512195],
              [-6.263309001664274, 62.34559522394166],
              [-6.262369155853921, 62.344301496530484],
              [-6.258609771654862, 62.33912658768024],
              [-6.259039593120265, 62.33762130861275],
              [-6.259469413422802, 62.33611602744672],
              [-6.260758877331375, 62.33160018880689],
              [-6.261495908106973, 62.330697377284025],
              [-6.262969971599825, 62.32889175381302],
              [-6.280221938798069, 62.32301330643181],
              [-6.282994985503386, 62.32226181098862],
              [-6.285768031333113, 62.32151031622302],
              [-6.307632420249427, 62.32021171148633],
              [-6.313879388504391, 62.31984068039908],
              [-6.315441131305334, 62.319747924063634],
              [-6.330283238850347, 62.33185401302742],
              [-6.33152008139644, 62.33286285421835],
              [-6.331343348747556, 62.33438041037169],
              [-6.329929482006821, 62.346520856379826],
              [-6.32957601560009, 62.34955596904101],
              [-6.328510011503678, 62.35048675481558],
              [-6.324245997883773, 62.3542099002396],
              [-6.32211399145991, 62.35607147185746],
              [-6.302135404214535, 62.355122630713474],
              [-6.300598589625279, 62.355049643418916],
              [-6.299061774313166, 62.35497665500019],
              [-6.265188694311862, 62.348182678512195]
            ]
          ],
          [
            [
              [-6.588470935952971, 62.25695800822621],
              [-6.589909961384352, 62.25648989041028],
              [-6.592788015479734, 62.25555365384707],
              [-6.598544120995609, 62.25368118322061],
              [-6.600120634959245, 62.25384757542855],
              [-6.603273664068695, 62.25418036301777],
              [-6.606426693343718, 62.25451314944114],
              [-6.62849789555991, 62.256842659125915],
              [-6.631650925131126, 62.25717544618678],
              [-6.660574911965082, 62.28351211431192],
              [-6.692341422729763, 62.315841675037476],
              [-6.701646268646713, 62.3370857240043],
              [-6.700091838333304, 62.359485626851665],
              [-6.696907663750833, 62.36253089956296],
              [-6.694784879507032, 62.36456108255625],
              [-6.689477920743533, 62.36963653631851],
              [-6.688010216211815, 62.369499969505995],
              [-6.686542510468445, 62.36936340437758],
              [-6.679203987315168, 62.368680572777755],
              [-6.674800872626253, 62.36827087404667],
              [-6.660827637598271, 62.36416244492136],
              [-6.658175332257211, 62.35836192564483],
              [-6.656849180021673, 62.355461667601425],
              [-6.656186103531782, 62.35401153725549],
              [-6.640438318311205, 62.32764768675918],
              [-6.604045868496827, 62.288960265753694],
              [-6.588992119415649, 62.26910782012039],
              [-6.588926971037608, 62.26758909442782],
              [-6.588796675091351, 62.26455164054824],
              [-6.588731526348708, 62.26303291360289],
              [-6.588470935952971, 62.25695800822621]
            ]
          ],
          [
            [
              [-6.659426688372533, 62.228172302550256],
              [-6.666659354517802, 62.22656440832015],
              [-6.67389202044305, 62.22495651302739],
              [-6.681387636596193, 62.2267261081226],
              [-6.685885004753643, 62.227787864671996],
              [-6.687384128557651, 62.228141783935214],
              [-6.691763371049952, 62.229839801348405],
              [-6.709280341097946, 62.23663186977565],
              [-6.710740088373995, 62.23719787542084],
              [-6.711841488125752, 62.23822250293754],
              [-6.716247082859349, 62.24232101247958],
              [-6.800999856451654, 62.3435879367113],
              [-6.746533214887409, 62.32261946437651],
              [-6.661661624373076, 62.25043487528814],
              [-6.660512066533658, 62.24748382442802],
              [-6.659362507712228, 62.244532775147704],
              [-6.656488609837588, 62.237155151130395],
              [-6.655913830260766, 62.23567962542461],
              [-6.656499306708691, 62.23442840486327],
              [-6.659426688372533, 62.228172302550256]
            ]
          ],
          [
            [
              [-6.446906053528511, 62.32153965870803],
              [-6.447651087700404, 62.20874261827204],
              [-6.536522865556855, 62.169967651584244],
              [-6.537896235430193, 62.17014249099033],
              [-6.544763086245649, 62.17101669240468],
              [-6.570456409139071, 62.18664779626804],
              [-6.612687430054348, 62.21685791059741],
              [-6.618883991411345, 62.225494385270935],
              [-6.624150752644144, 62.2398757923909],
              [-6.623724142993473, 62.24116770420763],
              [-6.622870921833997, 62.243751525703175],
              [-6.597349642861365, 62.243808746273224],
              [-6.596842288475619, 62.24245452864113],
              [-6.595827578655065, 62.23974609399785],
              [-6.594812869995535, 62.23703765892739],
              [-6.583042832868153, 62.23716566350796],
              [-6.5793519015511, 62.254291533987015],
              [-6.580210066556434, 62.378306959445034],
              [-6.509977817401514, 62.37163162104718],
              [-6.446906053528511, 62.32153965870803]
            ]
          ]
        ]
      }
    },
    {
      "type": "Feature",
      "properties": { "name": "France", "eur": 7225839, "eu_contrib": null },
      "geometry": {
        "type": "MultiPolygon",
        "coordinates": [
          [
            [
              [2.796093999676742, 50.72443399958956],
              [2.910797999874604, 50.695556000439744],
              [2.937149999915073, 50.73003749962452],
              [3.251857999552753, 50.673751999571],
              [3.429224999727415, 50.50469949982377],
              [3.672456000040174, 50.393982000173224],
              [3.857522000413975, 50.34788150024393],
              [4.034861000085066, 50.34870900010789],
              [4.150856000520887, 50.27786650012504],
              [4.144490500035085, 50.03002950035185],
              [4.839135999454549, 49.95071799988517],
              [5.002905999541073, 49.79140450030078],
              [5.398228500331793, 49.61492049980705],
              [5.681676499493821, 49.547097500013344],
              [5.818385020121885, 49.54610768006461],
              [5.976572999828363, 49.46297199968231],
              [6.27928700020558, 49.50068299958729],
              [6.36710750033318, 49.46950700042514],
              [6.462770499924115, 49.465033499741175],
              [6.551473000056827, 49.4246954995076],
              [6.738397500294587, 49.16359799964161],
              [7.081813500281568, 49.12775200008388],
              [7.500084000409211, 49.13059900037748],
              [7.957115499846217, 49.04396599974093],
              [8.193613999654062, 48.953957500077536],
              [8.107652999891773, 48.83320750030771],
              [7.861734500076284, 48.65059250004796],
              [7.569181000032069, 48.038430999864445],
              [7.527951499582031, 47.71078899960903],
              [7.589038999738498, 47.58987799974841],
              [7.402847000353218, 47.43786250031176],
              [7.180207500534195, 47.44195950032516],
              [6.166078000057287, 46.61043150003889],
              [5.96367799953594, 46.19697200040881],
              [5.982157999764029, 46.13714200015632],
              [6.175417000095065, 46.15814200038101],
              [6.278878500438209, 46.2514074995927],
              [6.219546999640365, 46.31187799938636],
              [6.252957000406402, 46.36041999973843],
              [6.519103000305474, 46.45636700015474],
              [6.821064000295554, 46.42715450004266],
              [6.954708000481474, 46.041679499867705],
              [7.044886000417014, 45.92241300046307],
              [6.87258599997853, 45.83932499981938],
              [6.910501999482242, 45.662234999736825],
              [7.184172000098222, 45.40746650007276],
              [6.815436999909165, 45.146642499983734],
              [6.766050500196988, 45.15781000016372],
              [6.626845999653225, 45.10311600032881],
              [6.748495499729702, 44.92212899955119],
              [6.922340000310544, 44.851248999633036],
              [6.955627999829589, 44.635394000312765],
              [6.883856999875633, 44.5518340004511],
              [6.879361499470086, 44.47933950022416],
              [6.898995500373825, 44.358306499573445],
              [6.998207499814641, 44.2495015002367],
              [7.373950999580789, 44.11894449963385],
              [7.546532000411678, 44.14615399963806],
              [7.568213000030354, 43.92291599997761],
              [7.529827000235922, 43.78400799973943],
              [7.439112631327479, 43.74908802908297],
              [7.411698999861691, 43.734283000141296],
              [7.418312464498132, 43.72460050870303],
              [7.164744565368766, 43.65626085354677],
              [6.809586169478367, 43.41476964018448],
              [6.607128143182609, 43.17023086511178],
              [6.14529418872334, 43.06421279988625],
              [5.748959063746338, 43.1391906742142],
              [5.221567154574354, 43.3370437606635],
              [4.987115859274977, 43.398784637323885],
              [4.651968955854974, 43.37845611504079],
              [4.583540915691577, 43.45957946741594],
              [4.133372784596911, 43.52514267093714],
              [3.847149133056226, 43.49321746830707],
              [3.333254099335938, 43.27772903399228],
              [3.112447022558126, 43.12427520777342],
              [3.035634994993608, 42.96841812141957],
              [3.060932101589169, 42.536251984335095],
              [3.174803999555135, 42.435375000211515],
              [3.02227799973365, 42.471411000218964],
              [2.432887000547947, 42.381370499935784],
              [1.961081499452196, 42.39080799992998],
              [1.725801999733098, 42.50440299975923],
              [1.726892211664731, 42.51593766224064],
              [1.754750999496964, 42.564917999639015],
              [1.757534000331805, 42.581640200028474],
              [1.735522895604588, 42.607252035710886],
              [1.736500000355263, 42.617590000457554],
              [1.72076571350156, 42.61684475502561],
              [1.550467666581788, 42.65520200015974],
              [1.499456000416593, 42.64585500038601],
              [1.471715999676795, 42.62427166703901],
              [1.448948645772678, 42.60397030992964],
              [1.442565999700906, 42.603668000176626],
              [1.325248500486081, 42.72432699970946],
              [0.815824499779864, 42.83694850009175],
              [0.653914971386906, 42.75163294820821],
              [0.623393500268158, 42.69500350015198],
              [0.458332000473676, 42.69281349994357],
              [0.267793499645318, 42.70176300035546],
              [-0.662051499973764, 42.86932350043668],
              [-1.433250220992431, 43.11448489926699],
              [-1.629997999409285, 43.28619749963969],
              [-1.785978000190443, 43.35047900010962],
              [-1.60167408034394, 43.437957765324796],
              [-1.470512032897725, 43.609382629767936],
              [-1.287901998247204, 44.27677535894327],
              [-1.082550883265559, 44.6450080866403],
              [-1.020061016724748, 44.65529251159507],
              [-1.16062605460038, 44.77271652139511],
              [-1.21514892507217, 44.71167755102874],
              [-1.238432049962786, 44.79028701757832],
              [-1.156590939082341, 45.47858810439739],
              [-1.132768989446666, 45.51539230301395],
              [-1.061046004296714, 45.56781387322939],
              [-0.862377941460935, 45.39223861672915],
              [-0.677521943532076, 45.07740783624838],
              [-0.616330028703594, 45.02266693018453],
              [-0.599164008724546, 45.01492309539542],
              [-0.578609944208009, 45.03134918191262],
              [-0.774251937776714, 45.43177032621643],
              [-0.846927046919413, 45.50719070346762],
              [-1.057035089071554, 45.62358093439295],
              [-1.076794029351805, 45.93209457358345],
              [-1.052623034518006, 46.00986480652914],
              [-1.168105006505506, 46.22677612266279],
              [-1.208881021064236, 46.28369522190967],
              [-1.797356962862328, 46.48734664877462],
              [-2.053262950297615, 46.77128219640093],
              [-2.11331296057159, 47.112335205477535],
              [-2.179818152292665, 47.23732757596443],
              [-2.224328041775527, 47.259128572053356],
              [-2.298687935984919, 47.23744201697481],
              [-2.534471987836527, 47.30014419546602],
              [-2.527106048095116, 47.5235214229132],
              [-2.666564941423683, 47.61346435486381],
              [-2.764312028908275, 47.63122177069385],
              [-3.029742955708922, 47.56753539910915],
              [-3.342875955508964, 47.703098297268596],
              [-3.896813867930387, 47.83366393982328],
              [-4.174355984027164, 47.8760757448726],
              [-4.342664241683117, 47.83610915992595],
              [-4.598330021502916, 48.01342773415843],
              [-4.452858924700661, 48.1017074578766],
              [-4.30338716655282, 48.34208297745333],
              [-4.774713993520756, 48.333480835014136],
              [-4.777863979261585, 48.51104736243173],
              [-4.732765197646525, 48.55992507943837],
              [-4.427495956380491, 48.65519714460356],
              [-4.115477084958275, 48.69813156136337],
              [-3.946074008688818, 48.66209411738263],
              [-3.453166007413572, 48.82033157300779],
              [-3.135740042503836, 48.86572647068871],
              [-2.873216150804866, 48.67564392091453],
              [-2.543642997562309, 48.59909820644127],
              [-2.253993033569185, 48.645122527719046],
              [-1.412358044947835, 48.66900634780809],
              [-1.575024008899335, 49.00812530463709],
              [-1.821167946137529, 49.41811752291042],
              [-1.897999047128307, 49.72452926555331],
              [-1.493218897827854, 49.67624664246258],
              [-1.299151063130606, 49.58911895828004],
              [-1.306595088011486, 49.541332245290775],
              [-1.124135015797615, 49.3651580809914],
              [-0.899868012011153, 49.38085937548095],
              [-0.238877966665972, 49.27986908078205],
              [-0.00467601287049, 49.32494735672875],
              [0.283330053396624, 49.44985199040575],
              [0.118485004782249, 49.46353912511537],
              [0.070323080993007, 49.50804901083975],
              [0.194277017694392, 49.70889282242882],
              [0.707392037835454, 49.87661743239288],
              [1.027629973420982, 49.92048645131624],
              [1.207490087148944, 49.976352691867625],
              [1.568720937535853, 50.218379974282435],
              [1.571167947126718, 50.677158356198106],
              [1.615487933594023, 50.87607192970142],
              [1.779684900696051, 50.95918655445994],
              [2.54544093636567, 51.090218498953384],
              [2.657242000180586, 50.81356800013768],
              [2.796093999676742, 50.72443399958956]
            ]
          ],
          [
            [
              [9.47317409513697, 42.923629762275475],
              [9.561234474481662, 42.189445496222206],
              [9.254536628657748, 41.433486936719845],
              [9.099114418270835, 41.42270278931858],
              [8.788732529244431, 41.56898498461933],
              [8.791811941523202, 41.63544464141315],
              [8.607091903357423, 42.13635635459427],
              [8.571146963553518, 42.34378433320399],
              [8.663934707728687, 42.51868057341785],
              [8.736231804354313, 42.57695388814683],
              [9.085622787099586, 42.71806716869453],
              [9.269199370158029, 42.70612335241359],
              [9.344384193009276, 42.8006820668077],
              [9.340695379667332, 43.00056839012981],
              [9.419571878408004, 43.021152496021685],
              [9.47317409513697, 42.923629762275475]
            ]
          ]
        ]
      }
    },
    {
      "type": "Feature",
      "properties": {
        "name": "United Kingdom",
        "eur": 17283311.69,
        "eu_contrib": null
      },
      "geometry": {
        "type": "MultiPolygon",
        "coordinates": [
          [
            [
              [-3.102235077529782, 58.64702606240239],
              [-3.062990188505488, 58.444023131662426],
              [-3.186654090628151, 58.33059311017589],
              [-4.008190155548046, 57.92895507932834],
              [-3.933881997479818, 57.82423782278588],
              [-4.06833314918283, 57.55121612444646],
              [-3.490556001093723, 57.70011901952383],
              [-3.262176991338875, 57.71293258633183],
              [-2.57102894861448, 57.675521850408366],
              [-2.088635920919785, 57.70309066840704],
              [-1.923503995687411, 57.670707703535165],
              [-1.831753968931428, 57.60247039782618],
              [-1.787490963409885, 57.47867584232911],
              [-2.339909077725054, 56.79636001681179],
              [-2.46096897152073, 56.68185424848983],
              [-2.794693946542623, 56.48318862832256],
              [-2.80631113143279, 56.19487762347789],
              [-3.414880990646845, 56.01945877078072],
              [-3.716428995203135, 56.05946731569201],
              [-3.80012202258407, 56.110210419831596],
              [-3.860064983438694, 56.11048889189426],
              [-3.70437693619516, 56.02985763476777],
              [-3.095295905912419, 55.95095443745844],
              [-2.869642019384373, 56.02432250979012],
              [-2.599425078101826, 56.02579879719177],
              [-2.252321957777863, 55.928401947219875],
              [-1.743427991323054, 55.621738433781616],
              [-1.596755026443377, 55.39765167165491],
              [-1.497303008130963, 55.1184463494784],
              [-1.29734897761549, 54.76534271195408],
              [-1.15075504689351, 54.63005065884933],
              [-0.575806022433095, 54.4827003473137],
              [-0.161109312127649, 54.10376566351101],
              [0.039264942721527, 53.7264747632283],
              [0.304257988466773, 53.09575653143867],
              [0.000011760936078, 52.89512233508358],
              [0.257888974104816, 52.80908203105188],
              [0.366972057638649, 52.808403015347835],
              [0.441024004494842, 52.84715652532613],
              [0.484819949503571, 52.94787597611836],
              [0.538762031821852, 52.978549957240816],
              [1.040185928388062, 52.96797561558506],
              [1.303750991371363, 52.93269348208774],
              [1.687787055854946, 52.732276916783576],
              [1.73979795051794, 52.63233947754689],
              [1.747985125948983, 52.47480010851517],
              [1.573073982471148, 52.08845901514118],
              [1.302397012752222, 51.96188735989416],
              [1.19468200157061, 51.88499832325027],
              [0.971410096377137, 51.83896637028614],
              [0.686441957774648, 51.73093414262257],
              [0.749489962980412, 51.69919586119294],
              [0.740623891364097, 51.53237915012236],
              [0.547624050473377, 51.55013656529407],
              [0.381625979918471, 51.45445251503201],
              [0.599512040551669, 51.38717269928439],
              [0.911170004744606, 51.34753036400456],
              [1.437325119389546, 51.38648986808863],
              [1.398619891483415, 51.20578765982368],
              [1.258332012798238, 51.104537963526525],
              [0.859163999752414, 50.92506790232509],
              [0.285382956010071, 50.76187133772738],
              [-0.904323993811044, 50.83395767264976],
              [-1.972886919741142, 50.72001647904785],
              [-2.029884815147538, 50.69357299814011],
              [-1.94769799659643, 50.67517471287471],
              [-1.957684993928881, 50.59997177070539],
              [-2.069339036603489, 50.5899620062442],
              [-2.627876041558658, 50.66334915282435],
              [-2.910046101930788, 50.73783111537402],
              [-3.432049037176706, 50.61698150614622],
              [-3.558481932525923, 50.449176787770696],
              [-3.558749913760686, 50.41038131716993],
              [-3.495785951992946, 50.396274566447325],
              [-3.706460952930436, 50.21364593414436],
              [-3.828670024379049, 50.21900558541328],
              [-4.212695121609284, 50.37316513079674],
              [-4.458178043364079, 50.35389709570133],
              [-4.670731067404266, 50.32555770900341],
              [-5.063871861393252, 50.18093872056956],
              [-5.093800068185303, 50.090576171363125],
              [-5.264688968775249, 50.02963256911994],
              [-5.577933787543242, 50.05485153234251],
              [-5.479949949831294, 50.21098327646427],
              [-5.079658031089405, 50.41902542057321],
              [-4.839208125406248, 50.598674772887975],
              [-4.225796223469003, 51.187408445696],
              [-3.003082990283568, 51.24677276566108],
              [-2.622596978544889, 51.61254119978817],
              [-3.208405017713507, 51.403736116466185],
              [-3.396655083123663, 51.38479232747835],
              [-3.576393842506658, 51.41847229034552],
              [-4.003744125407519, 51.5866203309969],
              [-4.552566051444184, 51.7452316285107],
              [-4.925395965955219, 51.601177216073204],
              [-5.060991764344092, 51.62495040862707],
              [-5.135024070519972, 51.71888351360347],
              [-5.21773385945277, 51.87565994217071],
              [-5.181978226595851, 51.95450591967137],
              [-5.08762693351492, 52.015903473317586],
              [-4.79654789029283, 52.05886459374723],
              [-4.211852073690538, 52.265426636079],
              [-4.129943847793056, 52.34261703456041],
              [-4.039786815631277, 52.52408981180226],
              [-4.071553230398631, 52.73205947769299],
              [-4.139570235976816, 52.91675567491802],
              [-4.328821182506209, 52.907985687234344],
              [-4.469347001644833, 52.87104415945167],
              [-4.510275841387913, 52.82960891672981],
              [-4.771226882815411, 52.79802703757567],
              [-4.719038009571592, 52.85838699349399],
              [-4.098178864520873, 53.23825836296732],
              [-3.84504699697577, 53.29661941477409],
              [-3.311721086820812, 53.34944152651316],
              [-3.094237089680613, 53.27920150832166],
              [-3.022176979803083, 53.41226959231289],
              [-3.033540010394425, 53.64901351897292],
              [-3.006088972489567, 53.92488098138991],
              [-2.875450134154216, 53.97109603869761],
              [-2.814113855309197, 54.13611602779679],
              [-2.873064995585624, 54.205261230827304],
              [-3.242968082976116, 54.15170287990744],
              [-3.620489836628383, 54.490966797266054],
              [-3.630812883529337, 54.52103805531546],
              [-3.577388048280546, 54.63323974626611],
              [-3.345766069583084, 54.899650574607804],
              [-3.111517906376315, 54.977619169640995],
              [-3.456246136359035, 54.97441863952282],
              [-3.845643997156067, 54.83480453510366],
              [-4.214584826906745, 54.817142486665325],
              [-4.591588972946474, 54.757987976374864],
              [-4.959171770966027, 54.80561065753616],
              [-4.974277019717364, 54.68827056825868],
              [-5.144252776650562, 54.858177185182036],
              [-5.184978007866613, 54.95311355641321],
              [-5.16559171676589, 54.999999999545146],
              [-5.098326206211982, 55.018535614494105],
              [-4.691346168724815, 55.4366340647882],
              [-4.753193854952324, 55.629795074430504],
              [-4.779208182816034, 55.960968018870204],
              [-4.903816222349296, 56.05974578896918],
              [-5.188201902695246, 55.94677352902952],
              [-5.240892886563818, 55.89779663083692],
              [-5.205834865599346, 56.1488494864975],
              [-5.434413908654359, 56.030860901117656],
              [-5.448068142409271, 55.96896743835313],
              [-5.403026102682043, 55.87723541268327],
              [-5.519185065524839, 55.36757278284134],
              [-5.602316856083405, 55.30992126479585],
              [-5.804365157348589, 55.30315017690984],
              [-5.799365044488298, 55.39141845713379],
              [-5.593225002040732, 55.76856994679131],
              [-5.622702121714745, 55.92016601524612],
              [-5.50559711512007, 56.190876006483414],
              [-5.501192092539222, 56.41072845496021],
              [-5.23074197777853, 56.75350189212245],
              [-5.676429273545637, 56.50589752252494],
              [-5.908294201279331, 56.55590438731333],
              [-6.011914728592004, 56.64763641531961],
              [-5.897888183290166, 56.65309905855494],
              [-5.550736903684165, 56.69104766819811],
              [-5.781500816689685, 56.709453584265916],
              [-5.880331039628387, 56.74850463945608],
              [-5.733561038642648, 56.856029510452785],
              [-5.745667934182798, 57.037200928056045],
              [-5.592242239852205, 57.272640229473325],
              [-5.634516240273938, 57.36848831207421],
              [-5.784925939140588, 57.34914779785989],
              [-5.825457096074733, 57.36804580651507],
              [-5.870358943628926, 57.50638198757945],
              [-5.765112876903821, 57.734107969729216],
              [-5.668540000590995, 57.79926681446505],
              [-5.442679881766065, 57.87695694025163],
              [-5.122539997395165, 57.87990570004579],
              [-5.209704876508681, 57.958648681736584],
              [-5.369496822659102, 58.07828140407585],
              [-5.29048299846335, 58.236934662091045],
              [-5.12333774635415, 58.28326797486852],
              [-5.132887839400661, 58.412319183306515],
              [-5.091638086949472, 58.538997648608266],
              [-4.994534969032348, 58.62639999456234],
              [-4.364135741704618, 58.53890991161298],
              [-3.755455971261756, 58.57827758754876],
              [-3.486002922553642, 58.611106873171124],
              [-3.37361002086753, 58.67233276388056],
              [-3.350587843563971, 58.654888153883114],
              [-3.102235077529782, 58.64702606240239]
            ]
          ],
          [
            [
              [-4.289774895482299, 53.15972518916982],
              [-4.41569995945154, 53.14600372398524],
              [-4.586395263572479, 53.278911590936275],
              [-4.557309150588372, 53.409687041996115],
              [-4.423923017022614, 53.42999648970863],
              [-4.291241168364666, 53.41387939351873],
              [-4.047034739856395, 53.314037323124424],
              [-4.289774895482299, 53.15972518916982]
            ]
          ],
          [
            [
              [-6.038892746231094, 55.170284271423654],
              [-5.798614023909713, 54.84833908124048],
              [-5.434611796904276, 54.48847580046182],
              [-5.478397845358891, 54.387207030997345],
              [-5.529566289220035, 54.361278532554685],
              [-5.58059596957078, 54.39621734601574],
              [-5.538794994217159, 54.437042235817145],
              [-5.55834293448262, 54.523384093968716],
              [-5.68683195138992, 54.58476638830975],
              [-5.709959983153176, 54.54672622617936],
              [-5.687070846588249, 54.37405013993508],
              [-5.657886028172435, 54.36955261054068],
              [-5.676254271035859, 54.242412567378146],
              [-5.889511107675395, 54.125019072723575],
              [-6.193115710421118, 54.08533477673241],
              [-6.291040601415693, 54.111714984488984],
              [-6.427351500285266, 54.06060399999948],
              [-6.627191499564712, 54.03946699961488],
              [-6.665905999781082, 54.068691500211635],
              [-6.654895500467758, 54.109421000272285],
              [-6.877884499602448, 54.34405350044931],
              [-7.028635499413964, 54.42130649954279],
              [-7.168936499511275, 54.33721950019698],
              [-7.195478999888794, 54.21955099981222],
              [-7.305588499612264, 54.123207000206776],
              [-7.624250499938997, 54.15267949982338],
              [-7.862372000009644, 54.26041599993109],
              [-8.177717999509149, 54.464973499866126],
              [-7.83048600052898, 54.54835500037076],
              [-7.748633499515361, 54.599258499784376],
              [-7.401630000381792, 55.00671750007781],
              [-7.256068499689465, 55.067034999998185],
              [-7.048903941484631, 55.05051803560252],
              [-6.988435266656854, 55.11391448846312],
              [-6.839306004446512, 55.16873085018837],
              [-6.465268135592337, 55.247711181851436],
              [-6.140234947313466, 55.226520538228165],
              [-6.038892746231094, 55.170284271423654]
            ]
          ],
          [
            [
              [-6.087965012454947, 55.648456573000935],
              [-6.302609919989908, 55.584629059728535],
              [-6.524644852583819, 55.69318389975783],
              [-6.4292459485238, 55.859214783051485],
              [-6.124333858377245, 55.92214202942031],
              [-6.024626732024199, 55.687095641834986],
              [-6.087965012454947, 55.648456573000935]
            ]
          ],
          [
            [
              [-5.835021018951815, 56.315422057792745],
              [-6.334496974621488, 56.275066374916214],
              [-6.363412856980333, 56.30674743750552],
              [-6.024725913708417, 56.396694183305044],
              [-5.995943070218941, 56.49394988955528],
              [-6.253484725563721, 56.4952964775747],
              [-6.285869122389489, 56.528045653843165],
              [-6.267731189284436, 56.61625289754404],
              [-6.124715804792051, 56.65881347661274],
              [-6.035363197483933, 56.613742828273175],
              [-6.020120144501929, 56.60153198197468],
              [-5.828687192040297, 56.5212020866075],
              [-5.662939071724962, 56.45995712339532],
              [-5.666996001713994, 56.39915084822646],
              [-5.835021018951815, 56.315422057792745]
            ]
          ],
          [
            [
              [-6.17165183924027, 57.42159652700033],
              [-6.106832026771849, 57.317489623803596],
              [-5.880105019497419, 57.24229812628606],
              [-5.783854007919814, 57.1681098944293],
              [-5.923772812634875, 57.047874451262786],
              [-6.018971920814447, 57.02175140420685],
              [-6.039601803545496, 57.05022811891744],
              [-5.998678684053925, 57.17350006045244],
              [-6.21160984041655, 57.18062973003414],
              [-6.497657777180883, 57.40574264451443],
              [-6.566900730580288, 57.36462020856447],
              [-6.592684745802735, 57.50783157315759],
              [-6.398323059397701, 57.57036590574715],
              [-6.384548664621756, 57.663085936015946],
              [-6.31459283854733, 57.709995271273584],
              [-6.150289059384868, 57.58894729581915],
              [-6.142264842927887, 57.47874069187572],
              [-6.17165183924027, 57.42159652700033]
            ]
          ],
          [
            [
              [-6.225239754975349, 58.231678007498616],
              [-6.412147998567503, 58.00909423852673],
              [-6.674429892461919, 58.04786682087728],
              [-6.759922981523961, 58.00520324697867],
              [-6.729537010918872, 57.88449859568175],
              [-6.763585091647977, 57.823513030925945],
              [-6.998363018549727, 57.748325348744274],
              [-7.107310771444546, 57.81197738546605],
              [-6.836984157517956, 57.907524109155],
              [-7.090279102072292, 58.01178359867779],
              [-7.1209611884627, 58.14056396465411],
              [-7.049211025807447, 58.23254776046979],
              [-6.953691957706672, 58.22911453074496],
              [-6.86656570419327, 58.189109800897654],
              [-6.256876945536519, 58.510791777597845],
              [-6.198103904847271, 58.47774887091578],
              [-6.178113936650362, 58.41649246160635],
              [-6.225239754975349, 58.231678007498616]
            ]
          ]
        ]
      }
    },
    {
      "type": "Feature",
      "properties": { "name": "Gibraltar", "eur": null, "eu_contrib": null },
      "geometry": {
        "type": "Polygon",
        "coordinates": [
          [
            [-5.340026856528096, 36.15974807676473],
            [-5.343778132636746, 36.11240387077278],
            [-5.353221893490885, 36.159797669154365],
            [-5.340026856528096, 36.15974807676473]
          ]
        ]
      }
    },
    {
      "type": "Feature",
      "properties": { "name": "Greece", "eur": null, "eu_contrib": null },
      "geometry": {
        "type": "MultiPolygon",
        "coordinates": [
          [
            [
              [26.6273905170424, 41.34819897463575],
              [26.32042418638152, 41.09055375126499],
              [26.263975150295526, 40.90365058010347],
              [26.128795299860172, 40.76323408063995],
              [26.036417653185875, 40.72999089483346],
              [25.918601989507543, 40.85588073664289],
              [25.509414673535915, 40.87842941334985],
              [25.26724624685327, 40.9342422488628],
              [25.147972107384554, 40.980976104698875],
              [25.167596818384446, 40.99985885613907],
              [25.14128112823991, 41.01176071183457],
              [24.285968781388103, 40.81301498398075],
              [23.838462829761074, 40.791774749280826],
              [23.739671707479054, 40.75469207805797],
              [23.705476761203137, 40.675334929224974],
              [23.836078644647905, 40.52498245142416],
              [24.211082458340666, 40.24322509670933],
              [23.91935348557121, 40.370403288768244],
              [23.735931396479714, 40.352790832920185],
              [23.703163146682556, 40.29547119135271],
              [23.736440659035708, 40.24774551457134],
              [23.774162292508528, 40.21091079738425],
              [23.805765152893986, 40.19927978540127],
              [23.796794890808467, 40.079780578149176],
              [23.66187095581894, 40.23146438611795],
              [23.4085578913605, 40.2852287288083],
              [23.339399338337973, 40.2135047909999],
              [23.476011276308384, 40.06111526484236],
              [23.337518691863686, 40.07953262259117],
              [23.144519807510452, 40.28811264002113],
              [22.881837845566707, 40.64126968394551],
              [22.62492752151451, 40.4876632686796],
              [22.55546760738747, 40.15061950735994],
              [22.597892760850236, 40.02323532115465],
              [23.278656006138483, 39.306396483979604],
              [23.353179931755108, 39.189670562760256],
              [23.305604935294205, 39.14765930175362],
              [23.12169265672423, 39.090290069660504],
              [23.060226440939942, 39.09605407826343],
              [23.07797431931537, 39.150337218728566],
              [23.110223769836587, 39.16475677469556],
              [23.113677977854422, 39.12852096585139],
              [23.208925248307253, 39.15099334565639],
              [23.220325470276034, 39.1923484787281],
              [23.121179580692836, 39.30865860003688],
              [22.93881034871114, 39.3616065978319],
              [22.822879791794033, 39.27371215828955],
              [22.82284355144976, 39.22220993082593],
              [22.855724334803472, 39.15932846128457],
              [22.983713149706922, 39.10454177934572],
              [23.067960737936136, 39.04396820118762],
              [23.058269501328166, 39.02070617661351],
              [22.982370378448127, 38.95112228410748],
              [22.77057456842461, 38.87731933494878],
              [22.695636749493573, 38.88097381564213],
              [22.812683105270683, 38.78654098600889],
              [23.102462768620462, 38.63386917070671],
              [23.48493576044698, 38.48913574200522],
              [23.80804252596969, 38.3303604130466],
              [24.057926177570128, 38.14506530872004],
              [24.079912187126947, 37.755649565715345],
              [24.03887367313427, 37.66416168208219],
              [23.940523147875023, 37.67606735222712],
              [23.598907470692755, 38.02847671499972],
              [23.45316314703298, 38.0239143356969],
              [23.039905547711196, 37.92062377997049],
              [23.163301467506564, 37.617546080752135],
              [23.322195051630995, 37.533916473412056],
              [23.366716384778986, 37.55028533859987],
              [23.35787773139112, 37.574932098784515],
              [23.43777847343775, 37.50391006486226],
              [23.196060179549423, 37.31148147633573],
              [23.122852324821142, 37.451457976615934],
              [22.777784347777068, 37.58980560159208],
              [22.72132110598489, 37.561775208750284],
              [22.746513367875103, 37.453769684301356],
              [22.89769935571551, 37.175876617643674],
              [23.206151962812612, 36.455329895402144],
              [22.83266639719104, 36.689075469599025],
              [22.363437652876268, 36.693588258038076],
              [22.1273117079966, 37.027507782847216],
              [22.033557893155457, 37.0283393869604],
              [21.932661058348113, 36.984428405939816],
              [21.944446564100176, 36.81060409502203],
              [21.6835193624629, 36.89740753205955],
              [21.669334411848787, 37.2580986020631],
              [21.371002197936132, 37.65795898423293],
              [21.191104889093733, 37.82103729227254],
              [21.243474959676675, 37.97003936814315],
              [21.334148317935206, 38.080730472187746],
              [21.479745865525352, 38.185161590094665],
              [21.754152298517532, 38.283607483154384],
              [22.10307311938969, 38.26439285330122],
              [22.777027129874085, 38.000102997432954],
              [22.973566055841342, 37.98402404874847],
              [23.135860443656732, 38.06891250563432],
              [23.022130965881363, 38.218502045262255],
              [22.403156280942518, 38.36468887314896],
              [22.082283020849328, 38.37874221838351],
              [21.701398849911374, 38.35010909903025],
              [21.120801926369957, 38.43246841413617],
              [20.99236679089851, 38.660247802959056],
              [20.885574340488684, 38.747169495029176],
              [20.936592101731918, 38.93944168119938],
              [20.907663345284487, 39.02650451683893],
              [20.714647293957256, 39.01015853798381],
              [20.36194610600148, 39.28961181606495],
              [20.158077239918754, 39.64106369026129],
              [20.008387613508514, 39.69296716880816],
              [20.09439296979101, 39.67702406370633],
              [20.293952002718523, 39.71509701516007],
              [20.36841099963922, 39.78859799978119],
              [20.544415000263076, 40.06662500041295],
              [20.91674100034582, 40.470892000346474],
              [21.024541000548894, 40.70899999959197],
              [20.980567000077638, 40.85522199978523],
              [21.783812999910353, 40.9291449996257],
              [21.90657499957659, 41.07494399969579],
              [22.35290000042003, 41.135321999860736],
              [22.927173572582713, 41.33848963193791],
              [23.225405408507893, 41.337027162730095],
              [23.78616163265518, 41.41631348010381],
              [24.104186853181393, 41.549134982337854],
              [24.289505749721222, 41.55010754208623],
              [24.46327531545939, 41.53597170285002],
              [25.22368968351402, 41.27732335315658],
              [25.960864170462933, 41.31974020768266],
              [26.132504093550494, 41.35516074370106],
              [26.18898674201584, 41.43865534500667],
              [26.15001081722444, 41.59622915440478],
              [26.112808385327295, 41.62556629998381],
              [26.215981573486395, 41.73323161393962],
              [26.35775500031688, 41.711136000337284],
              [26.570192309135642, 41.61021122415402],
              [26.6273905170424, 41.34819897463575]
            ]
          ],
          [
            [
              [24.035163879437526, 35.52052688567575],
              [24.496093750384542, 35.37169265821489],
              [25.044574738042595, 35.38084030124428],
              [25.591873168611514, 35.33287811306541],
              [25.740447998580265, 35.26283645620365],
              [25.835046767618937, 35.13113021935156],
              [26.062044143077003, 35.23020935076332],
              [26.251003264510533, 35.27678299018026],
              [26.304544449437415, 35.18966674874766],
              [26.247074126345076, 35.05501556486522],
              [26.132053376472673, 35.00217056391225],
              [25.889009476314264, 35.02654266412181],
              [25.269557954441023, 34.972976684217834],
              [24.76310348462171, 35.01808547982458],
              [24.728391646514176, 35.09075927683343],
              [24.217155456758935, 35.19366073582375],
              [23.6144981394943, 35.23495101998913],
              [23.526893617491897, 35.31015014639631],
              [23.581657410548654, 35.559173583197094],
              [24.035163879437526, 35.52052688567575]
            ]
          ],
          [
            [
              [27.865844726446046, 35.93237304682295],
              [27.760004043519825, 35.88817214985166],
              [27.705820084796617, 36.16664505130895],
              [27.92462921002203, 36.34712600658358],
              [28.221895218257576, 36.4578361510513],
              [28.239955902471127, 36.43530273361416],
              [28.206327437852917, 36.315540313652384],
              [28.055078505603205, 36.07182312142338],
              [27.865844726446046, 35.93237304682295]
            ]
          ],
          [
            [
              [27.06814384360475, 37.71750259421848],
              [26.884897232164793, 37.66289138772332],
              [26.588256834930373, 37.67659378100141],
              [26.569843291657737, 37.73209381062712],
              [26.74213409429188, 37.81461715708298],
              [26.96133613638458, 37.78814697314911],
              [27.04517173826065, 37.7814559940578],
              [27.06814384360475, 37.71750259421848]
            ]
          ],
          [
            [
              [20.585889816313646, 38.45067215004201],
              [20.816804886002497, 38.12002182036515],
              [20.79255485346088, 38.06418609466618],
              [20.542901993492446, 38.10315322943572],
              [20.344978332467296, 38.179538726924676],
              [20.40725898607865, 38.3540267938979],
              [20.4449825289666, 38.35056686342027],
              [20.585889816313646, 38.45067215004201]
            ]
          ],
          [
            [
              [26.118988036706998, 38.2364044193793],
              [26.012796401834855, 38.15358352738741],
              [25.869613647276623, 38.24716568005786],
              [25.9015731822242, 38.291534425216916],
              [25.96762466408527, 38.307037353998226],
              [25.99403953627434, 38.39018630886419],
              [25.82928276151072, 38.54527664214299],
              [25.88142585885627, 38.592498778601296],
              [26.013906479437004, 38.6032524109467],
              [26.129194260403743, 38.55632400522444],
              [26.14885711660381, 38.51031112658851],
              [26.118988036706998, 38.2364044193793]
            ]
          ],
          [
            [
              [24.557123183791276, 37.98051452537217],
              [24.494533538316688, 37.953533172942905],
              [24.31478118910232, 38.021606444902666],
              [24.14516067506114, 38.228771209414845],
              [23.29379081743617, 38.76995468012956],
              [22.986688612985112, 38.873790739811064],
              [22.965705872001045, 38.90461730958701],
              [23.13378906350398, 39.01307296832735],
              [23.316642760356217, 39.042945862145224],
              [23.375713348752196, 38.993526459313614],
              [23.485420226773584, 38.83336639477111],
              [23.589420319600283, 38.7724189756507],
              [23.83167457623257, 38.687873840394865],
              [23.9812278759659, 38.677116393388204],
              [24.215166092124647, 38.34808731224754],
              [24.572223662504694, 38.15308380121394],
              [24.58834075883081, 38.047725676873995],
              [24.557123183791276, 37.98051452537217]
            ]
          ],
          [
            [
              [26.60949516451962, 39.01515960675679],
              [26.522197722953987, 38.9755935676943],
              [26.332534790014517, 38.97913741968324],
              [26.17870903100028, 39.02020645066365],
              [25.848367691416875, 39.18988799855912],
              [25.862451552460062, 39.26049804743229],
              [25.909158707263376, 39.29024887139143],
              [26.176668166491414, 39.37866973822472],
              [26.356277464788537, 39.3798179629899],
              [26.595832824443267, 39.073959352268965],
              [26.60949516451962, 39.01515960675679]
            ]
          ]
        ]
      }
    },
    {
      "type": "Feature",
      "properties": { "name": "Croatia", "eur": 1101884, "eu_contrib": 853124 },
      "geometry": {
        "type": "MultiPolygon",
        "coordinates": [
          [
            [
              [17.870443499802317, 45.774558998969546],
              [18.3214824999473, 45.75540099902005],
              [18.85644385956556, 45.909421103355186],
              [18.93511460419511, 45.638905745399676],
              [19.176000517319714, 45.27045325607403],
              [19.022172066342954, 44.8553667421851],
              [18.865850178927367, 44.85261867167637],
              [18.791007733654816, 44.88853126191885],
              [18.762823504506684, 44.907482334616034],
              [18.751568413965625, 44.99732769405548],
              [18.679650710892194, 45.07033332862292],
              [18.589226770411702, 45.0897163154388],
              [17.253036592122065, 45.15163013838062],
              [16.984461026264643, 45.2367203410746],
              [16.623995821835834, 45.21909154590984],
              [16.35823900199089, 45.01036134082564],
              [15.985054492366773, 45.22653878362142],
              [15.848380411003648, 45.223831324192695],
              [15.767677186650669, 45.17071124974206],
              [15.760140364186919, 44.880714215456926],
              [16.377303852264443, 44.08029974078215],
              [17.63484808298013, 43.092907293674735],
              [17.68845182439712, 42.96564065302648],
              [17.581210360482626, 42.93835653476072],
              [16.815766421739475, 43.40370163393027],
              [16.474655694885456, 43.50210059624566],
              [16.117557141420132, 43.47280649924325],
              [15.97255676125966, 43.51418232401121],
              [15.92648248723768, 43.562551800068086],
              [15.939202679691979, 43.67923051487246],
              [15.85332418610019, 43.7877859878833],
              [15.65116642657026, 43.81762687330673],
              [15.475395293383817, 43.91944080398508],
              [15.150842100118767, 44.19822749457542],
              [15.1278606252994, 44.24766762961999],
              [15.155321179491928, 44.267076975161245],
              [15.320876868532649, 44.301485341940015],
              [15.014996329581052, 44.55705481639184],
              [14.894889547497147, 44.69666262056506],
              [14.878302547417448, 44.80082414204505],
              [14.903114290085908, 44.90403287733904],
              [14.809439970136138, 45.12303957069435],
              [14.55401456181451, 45.27964692155026],
              [14.324203071538083, 45.350618070358244],
              [14.280184981372281, 45.29987808557942],
              [14.169317937054329, 45.016645057150235],
              [13.987708939599603, 44.82335705477519],
              [13.885567588283148, 44.81062704003144],
              [13.810991567903214, 44.8635639966015],
              [13.800517460625658, 44.93437143744515],
              [13.612045779549948, 45.134178332883565],
              [13.493225750960052, 45.485998906141184],
              [13.510002654481296, 45.50601724942883],
              [13.585805999854255, 45.47848150029242],
              [13.886945198254152, 45.42856617324849],
              [14.329448443471572, 45.472940286473026],
              [14.438692825121983, 45.512685344226064],
              [15.22816997731193, 45.43415758288811],
              [15.323367220229029, 45.45408892980627],
              [15.31157922012544, 45.68398604232557],
              [15.627386001429976, 45.83252493607188],
              [15.635706363505012, 46.08321886586537],
              [15.729407014966702, 46.22067209057573],
              [16.26407103559325, 46.44884411627481],
              [16.596705128540584, 46.47582032469247],
              [16.78412099965301, 46.38343799902634],
              [17.43753449947839, 45.932685998843894],
              [17.870443499802317, 45.774558998969546]
            ]
          ],
          [
            [
              [17.451965985985513, 42.945146033614456],
              [17.64906498051162, 42.888852635042504],
              [17.688747134434635, 42.92274970265278],
              [17.805178460592693, 42.91291199332156],
              [18.276664693830114, 42.6134313055662],
              [18.43759615349107, 42.556502379754576],
              [18.524659506945067, 42.42048909860207],
              [17.87663708668374, 42.773140208846534],
              [17.140850033396045, 42.97259676929758],
              [17.451965985985513, 42.945146033614456]
            ]
          ]
        ]
      }
    },
    {
      "type": "Feature",
      "properties": { "name": "Hungary", "eur": 302522.75, "eu_contrib": null },
      "geometry": {
        "type": "Polygon",
        "coordinates": [
          [
            [22.155218502129348, 48.40395637629426],
            [22.250431464500597, 48.41068095764392],
            [22.85961548072735, 48.01010476975992],
            [22.896020372608007, 47.9540516042237],
            [22.679614999487978, 47.78915399956325],
            [22.32047699938882, 47.75743699960811],
            [22.22413500000775, 47.679933999969776],
            [21.9644400003863, 47.38136799957208],
            [21.28527300020086, 46.47589299956305],
            [21.030824999899888, 46.258167999714324],
            [20.26377400028306, 46.126144000165574],
            [20.016982999648746, 46.17661699960482],
            [19.575956999929943, 46.17714600043723],
            [19.20194000037855, 45.99285200037333],
            [18.85644385956556, 45.909421103355186],
            [18.3214824999473, 45.75540099902005],
            [17.870443499802317, 45.774558998969546],
            [17.43753449947839, 45.932685998843894],
            [16.78412099965301, 46.38343799902634],
            [16.596705128540584, 46.47582032469247],
            [16.531661999958313, 46.50060200019717],
            [16.34910599968182, 46.72815299976574],
            [16.34090599978842, 46.80657200016702],
            [16.201435000343835, 46.86866999952622],
            [16.11379500032069, 46.86908599958105],
            [16.344632999521924, 47.0027810004321],
            [16.45620599982135, 47.15743699978677],
            [16.617551999690907, 47.62509400043148],
            [17.080417000246896, 47.874489999925224],
            [17.1608069994174, 48.006677999826444],
            [17.24045800043651, 48.02043799973462],
            [17.343535999659945, 47.986281000201465],
            [17.54287800040717, 47.84692699998636],
            [17.789854999642262, 47.74022299957305],
            [18.609291999596316, 47.75808699995194],
            [18.850080000197497, 47.829910000049125],
            [19.03345799960342, 48.06665699975441],
            [19.527773000241556, 48.19810800030129],
            [19.950576999826122, 48.14899099961688],
            [20.283023999681554, 48.26300099997375],
            [20.541211999907844, 48.538017000019586],
            [20.818075999944693, 48.57840400036941],
            [21.268792999783443, 48.52527500023196],
            [21.624745000142177, 48.46368300040421],
            [21.722902999629312, 48.35037299984579],
            [21.817558000012486, 48.33497799993103],
            [22.155218502129348, 48.40395637629426]
          ]
        ]
      }
    },
    {
      "type": "Feature",
      "properties": { "name": "Iceland", "eur": null, "eu_contrib": null },
      "geometry": {
        "type": "Polygon",
        "coordinates": [
          [
            [-15.638110499934388, 66.22087450005083],
            [-15.433925000171284, 66.1650064998019],
            [-14.919092500243135, 66.37138950055979],
            [-14.64787200066028, 66.35032799989659],
            [-14.98130849949661, 66.25439650042298],
            [-15.114748000499757, 66.13323450044217],
            [-15.116929000088195, 66.09048100016983],
            [-15.055481000496957, 66.0414185003774],
            [-14.89082050071148, 66.01895650003824],
            [-14.819539999939465, 65.80014049983305],
            [-13.716030499609923, 65.55331649932636],
            [-13.81518800020771, 65.30874499942074],
            [-13.79894950047014, 65.20302149993498],
            [-13.661574000433934, 65.1474964993505],
            [-13.554190000566072, 65.14556850015953],
            [-13.816106499690273, 65.01443400023798],
            [-13.70449949989272, 64.91008350033565],
            [-13.853104000016993, 64.80018399953809],
            [-14.054653499659535, 64.70776400034028],
            [-14.305671500287936, 64.70319150002238],
            [-14.513221499840423, 64.59329800028877],
            [-14.559635999486625, 64.41023899993144],
            [-14.9108504997277, 64.29692599936226],
            [-15.209781499990703, 64.28733749986004],
            [-15.930166999951872, 64.14297849951565],
            [-16.514630999444968, 63.884893500284335],
            [-17.113785499897833, 63.779691999401045],
            [-17.34778999983625, 63.772838500505344],
            [-17.660508500012785, 63.72017950029807],
            [-17.785647000213967, 63.66681050042376],
            [-17.911188500154644, 63.54538449954872],
            [-18.145189499549613, 63.46883249987971],
            [-18.77814600004929, 63.39808450042861],
            [-19.231353500129835, 63.425550000426206],
            [-19.97814150055233, 63.53693999988152],
            [-20.51362850002261, 63.672018000263016],
            [-20.947797000176802, 63.8190729996349],
            [-21.250072500115337, 63.881300499863514],
            [-22.67088499975366, 63.80841400045282],
            [-22.712221499880336, 63.835460499881506],
            [-22.748538500190772, 63.97345150034064],
            [-22.692440999545294, 64.08003450060968],
            [-22.558817999446305, 64.03012749954594],
            [-22.526213499485866, 63.97673299951928],
            [-22.43242650059148, 63.972916000191525],
            [-21.960239000293466, 64.06861399988615],
            [-21.746622499934087, 64.205358500268],
            [-21.799552999168753, 64.34251149949728],
            [-22.024307500426154, 64.39374350008454],
            [-22.35861999945271, 64.6898430004583],
            [-22.41849850001016, 64.80714699938403],
            [-23.160773999483865, 64.81214500037774],
            [-23.794424000049, 64.72880600013288],
            [-23.91759100064806, 64.75518799993556],
            [-24.035578500027768, 64.88316649959405],
            [-23.843638999673214, 64.92628749935196],
            [-22.593096499866355, 65.03101999956115],
            [-21.803783500632097, 65.023720500548],
            [-21.709989499666065, 65.15945799936277],
            [-21.723982499977307, 65.19734849949124],
            [-21.815266500209223, 65.20409749981364],
            [-21.83454900044345, 65.16906849964305],
            [-21.936155999796608, 65.13164999964475],
            [-22.07916750025646, 65.10935700039063],
            [-22.508951500090514, 65.1853910004186],
            [-22.4654164998703, 65.23947850023015],
            [-21.929747499090617, 65.4060129994021],
            [-22.1227015002347, 65.48717399966382],
            [-22.696601999352, 65.6016584997612],
            [-23.68798100009642, 65.43322200062423],
            [-24.44040750043767, 65.490751499849],
            [-24.463953999446012, 65.53339600009303],
            [-24.292912499148084, 65.6382874993252],
            [-23.91718500073471, 65.5311150002631],
            [-23.888900499547944, 65.54884499984101],
            [-24.092826499743545, 65.72942250012852],
            [-24.119959999914478, 65.78304349958738],
            [-24.09671299993701, 65.80587599958528],
            [-23.598223500039612, 65.69287149987935],
            [-23.5455034997406, 65.64083550028651],
            [-23.3775250004427, 65.63248649937884],
            [-23.350816000818657, 65.66106750059268],
            [-23.41678499957396, 65.7574135003813],
            [-23.694998499964868, 65.77758300001787],
            [-23.811612999251018, 65.82661399970418],
            [-23.86667850072701, 65.88453900024236],
            [-23.808442500171772, 65.92313049953016],
            [-23.58726149945993, 65.91194399990239],
            [-23.489235500308084, 66.02536399960321],
            [-23.55124600053553, 66.13230800023035],
            [-23.597856000275296, 66.15348100004032],
            [-23.47192249965068, 66.19689900030363],
            [-23.275214499707484, 66.17827500054956],
            [-22.784828000205938, 66.00875800007027],
            [-22.497860999418275, 65.9637070002501],
            [-22.422104499971923, 65.92866549936151],
            [-22.42648800018906, 65.88084149956966],
            [-22.58425149993849, 65.78461749950175],
            [-22.481102499794847, 65.81183449985384],
            [-22.35192899979633, 65.9053040005582],
            [-22.481635999851186, 66.07573100051181],
            [-22.636572000081728, 66.11333399971957],
            [-22.553030000290203, 66.2305180000451],
            [-22.450114999891234, 66.26688650039215],
            [-22.70694399960956, 66.33997950026755],
            [-22.880382999951863, 66.31929050021832],
            [-23.18644450037494, 66.3594599998874],
            [-22.953833499481696, 66.46116000051191],
            [-22.444779500147998, 66.44711799999342],
            [-21.32718800050437, 65.94047250046515],
            [-21.278096499451877, 65.89678599949985],
            [-21.340732999348116, 65.73683100004284],
            [-21.448032999747014, 65.68803700053775],
            [-21.596485500681656, 65.70387799994397],
            [-21.598603500340396, 65.64138200012648],
            [-21.281775999926914, 65.48283399960708],
            [-21.09306799969739, 65.1641110005283],
            [-20.977240000233806, 65.51155800051777],
            [-20.901752999916845, 65.59938000049866],
            [-20.68001399919319, 65.68404199960001],
            [-20.63646499929654, 65.67106999964778],
            [-20.629111000507777, 65.59788200066752],
            [-20.32274150036907, 65.6265509997519],
            [-20.265700499869837, 65.72588400056605],
            [-20.27660349948151, 65.77846499937088],
            [-20.411038999893215, 66.00499000064372],
            [-20.419842500383925, 66.08057699957338],
            [-20.105679000764084, 66.11758350046709],
            [-19.58517650042717, 65.7442244998894],
            [-19.473688999279993, 65.73660649950219],
            [-19.39867600038792, 65.75568200015036],
            [-19.36269250055981, 65.82725699968405],
            [-19.437717499615786, 65.92128149984725],
            [-19.34998549972438, 66.07513449997755],
            [-18.925004499727784, 66.18711649955627],
            [-18.726192499720803, 66.15800100058499],
            [-18.552410999684685, 66.09067300019035],
            [-18.156024999631292, 65.76150300022884],
            [-18.149524500044468, 65.9153804999665],
            [-18.246031500453448, 65.98355700026796],
            [-18.32181600026688, 66.1171189994045],
            [-18.268560500216278, 66.17451549983946],
            [-17.900195000020908, 66.13398249956778],
            [-17.747170499851894, 66.07402599966818],
            [-16.808269000421767, 66.12895699936253],
            [-16.441320500727922, 66.22973650001408],
            [-16.402799999825987, 66.50319849957624],
            [-15.993773000411995, 66.51590549974493],
            [-15.91289499949496, 66.48775499996796],
            [-15.638110499934388, 66.22087450005083]
          ]
        ]
      }
    },
    {
      "type": "Feature",
      "properties": { "name": "Ireland", "eur": null, "eu_contrib": null },
      "geometry": {
        "type": "Polygon",
        "coordinates": [
          [
            [-7.46899986267075, 55.050666808506904],
            [-7.445014001114904, 55.05230331547419],
            [-7.457168102224155, 55.124923706345996],
            [-7.498291968943054, 55.16650390611001],
            [-7.398122786137312, 55.380867003616515],
            [-7.369506837647673, 55.387908935969975],
            [-7.186697005906306, 55.34939193753227],
            [-7.006772995734543, 55.265621185534556],
            [-7.039298059300337, 55.18854141252667],
            [-7.256068499689465, 55.067034999998185],
            [-7.401630000381792, 55.00671750007781],
            [-7.748633499515361, 54.599258499784376],
            [-7.83048600052898, 54.54835500037076],
            [-8.177717999509149, 54.464973499866126],
            [-7.862372000009644, 54.26041599993109],
            [-7.624250499938997, 54.15267949982338],
            [-7.305588499612264, 54.123207000206776],
            [-7.195478999888794, 54.21955099981222],
            [-7.168936499511275, 54.33721950019698],
            [-7.028635499413964, 54.42130649954279],
            [-6.877884499602448, 54.34405350044931],
            [-6.654895500467758, 54.109421000272285],
            [-6.665905999781082, 54.068691500211635],
            [-6.627191499564712, 54.03946699961488],
            [-6.427351500285266, 54.06060399999948],
            [-6.291040601415693, 54.111714984488984],
            [-6.107816219135426, 54.001178741204555],
            [-6.168449880643669, 53.97863388002393],
            [-6.278681754512566, 53.99805832025881],
            [-6.327207087852839, 53.87734604019362],
            [-6.259594917394707, 53.730785369732935],
            [-6.131690023729387, 53.58649062985601],
            [-6.150532721457524, 53.38674545230096],
            [-6.218585969186772, 53.33840942435573],
            [-6.067783832412501, 52.87007141114792],
            [-6.402081013552635, 52.2929077162603],
            [-6.643710136310562, 52.2023315429158],
            [-6.822318076910889, 52.21518707261997],
            [-7.567429065874057, 52.052101135464426],
            [-8.015506745043023, 51.831108092773945],
            [-8.247081755514683, 51.79416656565092],
            [-8.35757255585468, 51.71637344387552],
            [-8.742251396172685, 51.57712554924759],
            [-9.333376885275454, 51.5405349726483],
            [-9.692948340407602, 51.50270080459751],
            [-9.82093906459727, 51.54478454643735],
            [-9.457534790299569, 51.692623137917856],
            [-9.456473349887586, 51.71512222219097],
            [-9.533962250447086, 51.7392807012185],
            [-9.926352500879112, 51.64345550498316],
            [-10.050695420244026, 51.59567260578275],
            [-10.154127121617028, 51.61955642823963],
            [-9.793164252502404, 51.80063247567052],
            [-9.891746520856076, 51.81700897211655],
            [-10.18005371085474, 51.76866912763104],
            [-10.336698532437127, 51.80561828602042],
            [-10.396920204202175, 51.84641265939683],
            [-10.392211914461605, 51.87960815428162],
            [-10.285357473523158, 51.90882110606522],
            [-9.957077025580356, 52.14797210717837],
            [-10.449587821820268, 52.097473145305756],
            [-10.470853806509998, 52.18288421572036],
            [-10.176752089766996, 52.293327331754746],
            [-9.975590706379132, 52.24136352519032],
            [-9.780260086290102, 52.276741027484356],
            [-9.84389972652627, 52.31089019839796],
            [-9.827293397319675, 52.437797545908566],
            [-9.682023048100886, 52.5046195985616],
            [-9.472486496105697, 52.56695556683332],
            [-9.066385269062577, 52.60924529926972],
            [-8.834299088414832, 52.67443084743346],
            [-8.9443616874402, 52.786128998504566],
            [-9.056160927465704, 52.71707916321275],
            [-9.646464347955275, 52.61848449675592],
            [-9.65545272794514, 52.69314193659137],
            [-9.104788780375735, 53.140033722271085],
            [-8.949320792622135, 53.17353820885861],
            [-8.917588233835497, 53.21123886137874],
            [-9.048243523159206, 53.26669692955245],
            [-9.615626334380444, 53.234046936139286],
            [-9.609671594366105, 53.372871399297125],
            [-9.870192529318487, 53.438583372516526],
            [-9.918196678015953, 53.417942048233186],
            [-10.104619980015709, 53.454128264917465],
            [-10.147896766461008, 53.54498290984855],
            [-9.97620201223665, 53.55316924998249],
            [-9.913955687884254, 53.654506683348906],
            [-9.616524696644486, 53.78342056337942],
            [-9.563603401509301, 53.853687286052775],
            [-9.587034224847608, 53.89826202430233],
            [-9.699826241043635, 53.901012420167845],
            [-10.121983528454953, 54.149879455198516],
            [-10.095294951446029, 54.25663375875165],
            [-10.011646269899261, 54.30573654201014],
            [-9.74334335241707, 54.33338546743521],
            [-9.360173224810994, 54.31838226216061],
            [-9.13977146084833, 54.173645020522684],
            [-9.065494538408256, 54.261650086143774],
            [-8.927897453271846, 54.295707701765465],
            [-8.627657890478954, 54.24072647197256],
            [-8.480038643045809, 54.27789306619698],
            [-8.506235122447515, 54.32710266128307],
            [-8.299976432536408, 54.48100726363752],
            [-8.380945205433928, 54.61680984454247],
            [-8.623017311064618, 54.6232452384698],
            [-8.785765648154065, 54.665760039894955],
            [-8.804005621519593, 54.70359802159566],
            [-8.666796684418928, 54.772907258208264],
            [-8.33765888167116, 54.84508132873506],
            [-8.350758553053785, 54.88590621896975],
            [-8.437252997541915, 54.94919204847348],
            [-8.40576362495699, 55.02875900189999],
            [-8.313093184717056, 55.12163162247773],
            [-7.792099953211259, 55.22408676012577],
            [-7.555087089508494, 55.014091492992335],
            [-7.46899986267075, 55.050666808506904]
          ]
        ]
      }
    },
    {
      "type": "Feature",
      "properties": {
        "name": "Italy",
        "eur": 4110724.24,
        "eu_contrib": 493181
      },
      "geometry": {
        "type": "MultiPolygon",
        "coordinates": [
          [
            [
              [13.577760000505997, 46.41683700038755],
              [13.44383200022247, 46.22530000008276],
              [13.649405000328235, 45.79913399984341],
              [13.796018000082254, 45.743180999938616],
              [13.89996800020591, 45.643368000118045],
              [13.848631999474957, 45.584115000270124],
              [13.722887441549767, 45.5946229439268],
              [13.778882999858366, 45.616622499006375],
              [13.764861000418726, 45.66027449864613],
              [13.634610499415961, 45.76528049912434],
              [13.539003499824009, 45.79178749922089],
              [13.220318792929444, 45.769004821615816],
              [13.033999500602238, 45.63040299927672],
              [12.702929499862407, 45.521290499290025],
              [12.475630978508505, 45.481682629939456],
              [12.52000792752629, 45.54271580471788],
              [12.502875807687753, 45.56841398272482],
              [12.2815372330013, 45.471733941988525],
              [12.212056972205476, 45.2951779347826],
              [12.218909818755794, 45.2186544689555],
              [12.334752500010508, 45.09426949906543],
              [12.363954500417591, 44.802882498673135],
              [12.31720550023709, 44.84269149898401],
              [12.266738000553104, 44.82422299887727],
              [12.239692499674453, 44.691404498926204],
              [12.295008500598035, 44.447751999292656],
              [12.39234000054812, 44.2140694991053],
              [12.636533500985017, 44.022046999034195],
              [13.141756500212255, 43.768672999174015],
              [13.52738399953571, 43.62149799905499],
              [13.59832250044859, 43.56323449897159],
              [13.767506999618362, 43.250155999111726],
              [13.951908999698826, 42.78693149868173],
              [14.061951000237205, 42.6180759987746],
              [14.200361999847686, 42.482658499096125],
              [14.71797450084686, 42.107081999259506],
              [15.191333499761047, 41.92015399897364],
              [15.365660999960088, 41.90276649878199],
              [15.998721999534476, 41.946101998975166],
              [15.947415500542931, 41.64404499935996],
              [15.894479499825973, 41.5850314987044],
              [15.954636000142496, 41.46332299885614],
              [17.32933450019858, 40.93363349913717],
              [17.888256000116346, 40.68292099892656],
              [18.414928998501555, 40.296565998954925],
              [18.51566050000002, 40.13276099917189],
              [18.39083950055956, 39.81753599916311],
              [18.341708000307932, 39.79355249867677],
              [18.166347500097142, 39.85667749914702],
              [18.034696999738195, 39.9437364992835],
              [17.997435999661988, 39.991546498752385],
              [18.01000200030684, 40.108987499102085],
              [17.866804999727886, 40.27982049889677],
              [17.63945750092861, 40.30302049877312],
              [17.120757499792045, 40.51870449871633],
              [17.016023999513678, 40.50332199886034],
              [16.901557500460786, 40.435146499309994],
              [16.64376400017266, 40.118762999021804],
              [16.487794500532356, 39.76232999920956],
              [16.528772499421063, 39.66085499907259],
              [16.824203500499443, 39.57164899859044],
              [17.114656999691405, 39.4070969986088],
              [17.17231550042204, 39.033491499368594],
              [16.53713150052303, 38.702646499366196],
              [16.45342749988756, 38.33422199862071],
              [16.060619999430756, 37.92409849906895],
              [15.764257500242449, 37.916061998874],
              [15.678212000144438, 37.95411949870019],
              [15.634105499296792, 38.01792899856317],
              [15.633954999604695, 38.18560449880144],
              [16.097650499643287, 38.71314999925608],
              [16.208501999538786, 38.93072399873108],
              [16.063631999523203, 39.16200849891114],
              [15.791965000522426, 39.86027999972195],
              [15.465027999258938, 40.0356479990137],
              [15.257321499604949, 40.08469699913979],
              [14.937371499440578, 40.231450998865505],
              [14.920945999716759, 40.26170899858998],
              [14.94414699984387, 40.31377749856052],
              [14.992893501224135, 40.353321498925],
              [14.719083999524312, 40.66679049917682],
              [14.473797499495914, 40.6915139987247],
              [13.992417499441423, 40.96050949926844],
              [13.831939999976935, 41.16747849900546],
              [13.730031000006656, 41.243545499191534],
              [13.35837149991466, 41.286019998755656],
              [13.114178499876473, 41.247683998671796],
              [12.575644500200646, 41.508448000097324],
              [11.707965000333106, 42.2150239986072],
              [11.183915499921081, 42.53040199907419],
              [10.596682499782519, 42.95429899866631],
              [10.238377500342457, 43.87291299854902],
              [10.115099998873138, 43.996853498882736],
              [9.136820500253545, 44.36046399923292],
              [8.745056500421837, 44.42707299902214],
              [8.45135549993504, 44.28832649917085],
              [8.30690099945076, 44.156813999335235],
              [8.167626999504577, 43.96396499937729],
              [8.077442499496787, 43.90081349914773],
              [7.911894999924872, 43.83766999877829],
              [7.529827000235922, 43.78400799973943],
              [7.568213000030354, 43.92291599997761],
              [7.546532000411678, 44.14615399963806],
              [7.373950999580789, 44.11894449963385],
              [6.998207499814641, 44.2495015002367],
              [6.898995500373825, 44.358306499573445],
              [6.879361499470086, 44.47933950022416],
              [6.883856999875633, 44.5518340004511],
              [6.955627999829589, 44.635394000312765],
              [6.922340000310544, 44.851248999633036],
              [6.748495499729702, 44.92212899955119],
              [6.626845999653225, 45.10311600032881],
              [6.766050500196988, 45.15781000016372],
              [6.815436999909165, 45.146642499983734],
              [7.184172000098222, 45.40746650007276],
              [6.910501999482242, 45.662234999736825],
              [6.87258599997853, 45.83932499981938],
              [7.044886000417014, 45.92241300046307],
              [7.107367999607964, 45.8589935002071],
              [7.368169499588253, 45.90296299977224],
              [7.871949000478401, 45.93262249993646],
              [8.114510500489436, 46.12098450020659],
              [8.131943499422965, 46.227247499602726],
              [8.309649500470131, 46.424280500374444],
              [8.438528499989491, 46.46429549954447],
              [8.464746499814638, 46.441564999918036],
              [8.464290499935691, 46.33527549971521],
              [8.839701999451782, 45.98289599997539],
              [9.047547999684811, 45.923260999782336],
              [9.095014999670537, 46.12607800044607],
              [9.296508500314037, 46.355652499716655],
              [9.457644365285624, 46.433893511584024],
              [9.688660499869066, 46.293834999788466],
              [9.990276500057869, 46.31746250023341],
              [10.441658499499141, 46.77192599969741],
              [10.469651500515672, 46.85490900028345],
              [11.083938124856058, 46.87005629943944],
              [11.109645155933066, 46.925893714881454],
              [11.32647588930711, 46.99027200093375],
              [12.17122675656803, 47.02278889805996],
              [12.200235292416119, 46.88875956488256],
              [12.419860125238735, 46.69923358736637],
              [12.574956256333207, 46.65462234942685],
              [13.714073979576149, 46.52286817400551],
              [13.577760000505997, 46.41683700038755]
            ]
          ],
          [
            [
              [15.61078099947431, 38.2565419987715],
              [15.206364499565469, 37.73076849915529],
              [15.090259000465641, 37.49967849876939],
              [15.09723249999736, 37.322924498834894],
              [15.193955499677989, 37.23657699865703],
              [15.269515999710043, 37.10711299866869],
              [15.264791999914745, 36.99718749863767],
              [15.05234099972503, 36.67587199937754],
              [14.684140999456574, 36.72838449872248],
              [14.524861500217263, 36.784050998881995],
              [14.363012499633848, 36.97853499884843],
              [14.243132000527652, 37.065421499394866],
              [14.079664000263548, 37.10945199919526],
              [13.959319999993781, 37.10358199887179],
              [13.695177000242929, 37.18060399881748],
              [12.950981999599682, 37.56941949923871],
              [12.754661000082233, 37.57676449859378],
              [12.477585498771106, 37.856833499212684],
              [12.462501999767305, 37.901889498941905],
              [12.510787500166593, 38.017586499735984],
              [12.55462900007927, 38.05374499912923],
              [12.788118000336969, 38.12004699912975],
              [13.376418500574331, 38.149489499169114],
              [13.801364999721466, 37.976149498850916],
              [14.362550500105874, 38.0144824986662],
              [15.060161500460621, 38.12856099866302],
              [15.5626025002792, 38.293026999095694],
              [15.61078099947431, 38.2565419987715]
            ]
          ],
          [
            [
              [9.624890999889056, 40.99475349929956],
              [9.68385100057531, 40.76926149931677],
              [9.742077499497206, 40.3813399989983],
              [9.632009000326413, 39.43454949887905],
              [9.57337149845423, 39.172683498751546],
              [9.519454999926197, 39.115207999295116],
              [9.230567499622087, 39.22789649874762],
              [9.095945500165728, 39.21457699884778],
              [9.017479500429438, 39.145802999131604],
              [9.039070499643055, 39.06302449871916],
              [9.022685499629297, 39.00003799880674],
              [8.908633500259654, 38.912944498802496],
              [8.845892000101127, 38.87644349922482],
              [8.658170499657318, 38.89739899896452],
              [8.615769499911087, 38.91535749942051],
              [8.410773999691635, 39.16879199916601],
              [8.382164499510521, 39.385694999318275],
              [8.488332999982838, 39.72926049919245],
              [8.476613999432123, 40.2554659988727],
              [8.318111000128868, 40.56690199869109],
              [8.218404999977738, 40.596636998906895],
              [8.181757501233367, 40.636382499379195],
              [8.163668499689246, 40.71185899904193],
              [8.20490499995419, 40.90860649870897],
              [8.31628449952708, 40.844045998874805],
              [8.463338999625952, 40.81905549881392],
              [8.570921000300451, 40.83452150019772],
              [8.76690150035637, 40.916666998822684],
              [9.15608749947933, 41.235498998588824],
              [9.240110498848596, 41.24518649862348],
              [9.48661350004091, 41.14549799894448],
              [9.552005999952488, 41.07890299871357],
              [9.624890999889056, 40.99475349929956]
            ]
          ]
        ]
      }
    },
    {
      "type": "Feature",
      "properties": { "name": "Monaco", "eur": null, "eu_contrib": null },
      "geometry": {
        "type": "Polygon",
        "coordinates": [
          [
            [7.418312464498132, 43.72460050870303],
            [7.411698999861691, 43.734283000141296],
            [7.439112631327479, 43.74908802908297],
            [7.428746878857488, 43.731587019669064],
            [7.418312464498132, 43.72460050870303]
          ]
        ]
      }
    },
    {
      "type": "Feature",
      "properties": {
        "name": "Liechtenstein",
        "eur": null,
        "eu_contrib": null
      },
      "geometry": {
        "type": "Polygon",
        "coordinates": [
          [
            [9.607041615089555, 47.0607733080075],
            [9.472157999744134, 47.0612590000844],
            [9.530829877304322, 47.270542636772255],
            [9.635089380964805, 47.12803399955239],
            [9.607041615089555, 47.0607733080075]
          ]
        ]
      }
    },
    {
      "type": "Feature",
      "properties": {
        "name": "Lithuania",
        "eur": 742075.38,
        "eu_contrib": 282738.84
      },
      "geometry": {
        "type": "Polygon",
        "coordinates": [
          [
            [26.630371806860882, 55.68059423308611],
            [26.62754852489614, 55.5723731205259],
            [26.696392000453525, 55.33038900006216],
            [26.832030687413823, 55.306675107113485],
            [26.829047961911602, 55.27620910848838],
            [26.69594664437758, 55.17655007797632],
            [26.233198265750918, 55.10171632778704],
            [25.955558753935378, 54.95080525806363],
            [25.742656914386515, 54.773411129634184],
            [25.623776506659755, 54.45303773051492],
            [25.66947814539299, 54.32299822923933],
            [25.564496380385645, 54.21222481190219],
            [25.58176722341197, 54.236915008887465],
            [25.496448462675723, 54.30944117238115],
            [25.28852176341334, 54.263369501818275],
            [24.984349992870428, 54.14909056465951],
            [24.697720452697727, 53.993744040782325],
            [24.481825000019946, 53.93174699948903],
            [23.766520999341996, 53.9228019997866],
            [23.51497892734813, 53.95625101684626],
            [23.528322999816126, 54.06575399980447],
            [23.489392999478262, 54.14452899971794],
            [23.374192999552818, 54.23025200051392],
            [22.99812199958096, 54.38412699955441],
            [22.8616259999281, 54.40953899950097],
            [22.79221600043505, 54.36352100021732],
            [22.702670000098767, 54.459301000320636],
            [22.69397499969561, 54.5778200002909],
            [22.726787999822108, 54.68311899993294],
            [22.880590999886653, 54.811929999475964],
            [22.82234300008133, 54.91154299961223],
            [22.53559900062557, 55.06235500050425],
            [22.129314999791404, 55.037676999889925],
            [21.526708999899252, 55.18909400019687],
            [21.42361399988787, 55.257158000264475],
            [21.263930431452152, 55.24621415803615],
            [21.09812911841418, 55.256256504014246],
            [20.981562752091524, 55.277212493561684],
            [20.95490445019771, 55.28073935337748],
            [21.057610000524527, 55.423827999057906],
            [21.100544499929068, 55.54901449867601],
            [21.064699553369977, 56.06927315594741],
            [21.61338499997676, 56.32470400034649],
            [22.014711999355917, 56.42325399976878],
            [22.607399999827553, 56.38306900054325],
            [23.389628999466197, 56.378454000182174],
            [23.87282999965206, 56.33879999995488],
            [24.189326999872286, 56.25987999978147],
            [24.47472900010312, 56.26821399970199],
            [24.940017000029243, 56.38209399972924],
            [25.067891000286874, 56.224680999833815],
            [25.174239999941822, 56.17423299990489],
            [25.680203999578186, 56.1285740003523],
            [25.961395999412012, 55.98307999950517],
            [26.30611999951623, 55.74689599951781],
            [26.51910600046107, 55.67937800054034],
            [26.630371806860882, 55.68059423308611]
          ]
        ]
      }
    },
    {
      "type": "Feature",
      "properties": { "name": "Luxembourg", "eur": null, "eu_contrib": null },
      "geometry": {
        "type": "Polygon",
        "coordinates": [
          [
            [6.137667999652196, 50.12994899986095],
            [6.115139000409211, 50.055693999737294],
            [6.16572099959439, 49.97087499972527],
            [6.341537223418871, 49.84704404202629],
            [6.43981099993991, 49.658985999748644],
            [6.36710750033318, 49.46950700042514],
            [6.27928700020558, 49.50068299958729],
            [5.976572999828363, 49.46297199968231],
            [5.818385020121885, 49.54610768006461],
            [5.866561999482242, 49.571240000075946],
            [5.894443999538447, 49.66666699955868],
            [5.882181999936646, 49.70562000047081],
            [5.754999999931176, 49.79055499971554],
            [5.740767000182658, 49.83821100007733],
            [5.772007000348054, 49.95077100004304],
            [5.97423300050405, 50.17422199993938],
            [6.024165999483027, 50.18180499965603],
            [6.137667999652196, 50.12994899986095]
          ]
        ]
      }
    },
    {
      "type": "Feature",
      "properties": { "name": "Latvia", "eur": 685267, "eu_contrib": null },
      "geometry": {
        "type": "Polygon",
        "coordinates": [
          [
            [27.351462000625073, 57.51807400037317],
            [27.55672000003696, 57.537809000262364],
            [27.744120999925627, 57.35803699992227],
            [27.846001000234445, 56.877394000236045],
            [27.939099000058434, 56.82821600012954],
            [28.136399999443746, 56.549304000064986],
            [28.23218300059584, 56.29459600043441],
            [28.23889100022792, 56.27051799990274],
            [28.151225999793656, 56.17074300040438],
            [28.009736999604364, 56.12607499963778],
            [27.67241600049563, 55.938573999558],
            [27.63237600033002, 55.87067300053258],
            [26.630371806860882, 55.68059423308611],
            [26.51910600046107, 55.67937800054034],
            [26.30611999951623, 55.74689599951781],
            [25.961395999412012, 55.98307999950517],
            [25.680203999578186, 56.1285740003523],
            [25.174239999941822, 56.17423299990489],
            [25.067891000286874, 56.224680999833815],
            [24.940017000029243, 56.38209399972924],
            [24.47472900010312, 56.26821399970199],
            [24.189326999872286, 56.25987999978147],
            [23.87282999965206, 56.33879999995488],
            [23.389628999466197, 56.378454000182174],
            [22.607399999827553, 56.38306900054325],
            [22.014711999355917, 56.42325399976878],
            [21.61338499997676, 56.32470400034649],
            [21.064699553369977, 56.06927315594741],
            [20.98380749975993, 56.215343000273315],
            [20.97699599945954, 56.32791749880089],
            [21.054758000653838, 56.80474899891436],
            [21.178352501196986, 56.89210649873117],
            [21.41183049948276, 57.141273499403866],
            [21.419336998867763, 57.290952498538935],
            [21.683979499630244, 57.54889899931822],
            [22.59427650096086, 57.743990999333064],
            [23.235424999170807, 57.11514799899892],
            [23.56150249932786, 56.976172498562285],
            [23.743473001461023, 56.96847899894186],
            [23.927704001356474, 57.00653749945187],
            [24.169190999713315, 57.10507549905291],
            [24.39860249931099, 57.245286499170525],
            [24.352187038554003, 57.8763495835288],
            [25.189758999484162, 58.07981700027465],
            [25.95128100015809, 57.84846799994365],
            [26.337590000509607, 57.58051299971954],
            [26.49835599985459, 57.5269880002398],
            [26.77289299950283, 57.57412699947858],
            [27.211282999958367, 57.552766000238975],
            [27.351462000625073, 57.51807400037317]
          ]
        ]
      }
    },
    {
      "type": "Feature",
      "properties": {
        "name": "North Macedonia",
        "eur": null,
        "eu_contrib": null
      },
      "geometry": {
        "type": "Polygon",
        "coordinates": [
          [
            [22.35980561144397, 42.31173955263432],
            [22.87674690661369, 41.977201120012246],
            [22.990592952510614, 41.769566793187686],
            [22.964341068861565, 41.368262837561616],
            [22.927173572582713, 41.33848963193791],
            [22.35290000042003, 41.135321999860736],
            [21.90657499957659, 41.07494399969579],
            [21.783812999910353, 40.9291449996257],
            [20.980567000077638, 40.85522199978523],
            [20.704849999559638, 40.98924099969701],
            [20.517463999537462, 41.229446999625004],
            [20.4730639994387, 41.55908799973664],
            [20.559449000094776, 41.86349499965656],
            [20.59428600045635, 41.8773280002676],
            [20.727972142152108, 41.86427723344269],
            [20.772111999720497, 41.91635800011378],
            [20.75098199979569, 41.98118600040776],
            [20.84004300002129, 42.09397300020759],
            [21.053533000526258, 42.1725829997675],
            [21.93275600003963, 42.33780699977823],
            [22.290768999966566, 42.352607999543814],
            [22.35980561144397, 42.31173955263432]
          ]
        ]
      }
    },
    {
      "type": "Feature",
      "properties": { "name": "Malta", "eur": null, "eu_contrib": null },
      "geometry": {
        "type": "MultiPolygon",
        "coordinates": [
          [
            [
              [14.44586467656579, 35.954336645265464],
              [14.476386982007208, 35.94262987727856],
              [14.55790996503918, 35.891944884763724],
              [14.560113883865233, 35.88992719420537],
              [14.571094127133625, 35.87987476238946],
              [14.577627182565838, 35.87389373828594],
              [14.576310635053991, 35.845376967582546],
              [14.570064818163694, 35.83542960018381],
              [14.543860436258994, 35.81255721963195],
              [14.536978086177252, 35.81066894461533],
              [14.535601615837562, 35.81029128970519],
              [14.526575348665412, 35.8108197991661],
              [14.523566592967457, 35.81099596861282],
              [14.522062214988974, 35.811084053859204],
              [14.520557836919414, 35.81117213916674],
              [14.519053458744454, 35.81126022367274],
              [14.5161840117886, 35.81180555911912],
              [14.493120193922195, 35.81618881172143],
              [14.434649274788285, 35.827481246980675],
              [14.423550605551169, 35.83298301659963],
              [14.386462331553478, 35.85164022438868],
              [14.349584342497156, 35.875556946033754],
              [14.343572299395666, 35.882503511314695],
              [14.338572024727181, 35.89755439686102],
              [14.324006080431642, 35.97126388577601],
              [14.33334183671651, 35.98484420800393],
              [14.343323706613985, 35.987899781245055],
              [14.366721789084323, 35.99447250275856],
              [14.44586467656579, 35.954336645265464]
            ]
          ],
          [
            [
              [14.232780456259928, 36.08054351700346],
              [14.234306049206634, 36.080591963732665],
              [14.238882827665394, 36.08073730489697],
              [14.24803638509032, 36.081027986001196],
              [14.249470575031568, 36.08062635279542],
              [14.25520733499048, 36.07901981984958],
              [14.258075715427278, 36.07821655287048],
              [14.309109210658567, 36.06092071601462],
              [14.316053868232336, 36.05842399634024],
              [14.329062461972391, 36.049327850093505],
              [14.330117415963173, 36.04828796409361],
              [14.332227325269384, 36.04620819110046],
              [14.338557052392506, 36.0399688719325],
              [14.339612005780175, 36.03892898467191],
              [14.340125718807206, 36.037766773803746],
              [14.34115314349947, 36.035442352304386],
              [14.339713097296128, 36.03257878587621],
              [14.338993073502236, 36.031147003337566],
              [14.336887995749429, 36.03029251077826],
              [14.335835456484103, 36.02986526537838],
              [14.272272962511913, 36.01750403732372],
              [14.262922475425484, 36.018078612670436],
              [14.230942937513037, 36.02552710622635],
              [14.219476891324131, 36.02959289641538],
              [14.201924845425667, 36.03610383366084],
              [14.195121193264962, 36.05018691963416],
              [14.191588402432458, 36.067028045044225],
              [14.191584395793928, 36.07101974486638],
              [14.191583061321111, 36.072350311419164],
              [14.191581726427003, 36.07368087823377],
              [14.194481913326351, 36.074625906009764],
              [14.213333129886246, 36.08076858524295],
              [14.214748039720387, 36.080990891790464],
              [14.2187177104941, 36.08161459520941],
              [14.221272468989994, 36.082015991241285],
              [14.222676841339302, 36.0818362989611],
              [14.22548558349729, 36.08147691430758],
              [14.229698698454948, 36.080937836229985],
              [14.232780456259928, 36.08054351700346]
            ]
          ]
        ]
      }
    },
    {
      "type": "Feature",
      "properties": { "name": "Montenegro", "eur": null, "eu_contrib": null },
      "geometry": {
        "type": "Polygon",
        "coordinates": [
          [
            [20.34353699957919, 42.833263000076506],
            [20.108769999892203, 42.647818999917945],
            [20.078894999750204, 42.55579899999402],
            [19.8315218111058, 42.46643284157998],
            [19.72763862683419, 42.6604498076812],
            [19.61296618741057, 42.57832649990621],
            [19.406730811679257, 42.31409129200426],
            [19.353307765315787, 42.15101384676577],
            [19.370887935534828, 41.84395077015757],
            [19.243797565366954, 41.909574965848506],
            [18.887926829167135, 42.26763285284378],
            [18.76258790352605, 42.42313025942006],
            [18.753829469963684, 42.488771039165144],
            [18.694812357453834, 42.50490947740335],
            [18.524659506945067, 42.42048909860207],
            [18.43759615349107, 42.556502379754576],
            [18.5284220001944, 42.582940000065],
            [18.560749999974227, 42.64258500021244],
            [18.55181000019997, 42.72147499990805],
            [18.47153000047221, 42.76371800012405],
            [18.484985000271983, 42.935897000255174],
            [18.69901799961392, 43.260582000379785],
            [19.1531039995231, 43.53514899959058],
            [19.222633500037958, 43.52714400044097],
            [19.29252099961543, 43.444766999885445],
            [19.571158500101106, 43.241235000029356],
            [20.349175000425912, 42.89485300015628],
            [20.34353699957919, 42.833263000076506]
          ]
        ]
      }
    },
    {
      "type": "Feature",
      "properties": {
        "name": "Kingdom of the Netherlands",
        "eur": null,
        "eu_contrib": null
      },
      "geometry": {
        "type": "MultiPolygon",
        "coordinates": [
          [
            [
              [6.9632479999436, 52.444511999947764],
              [6.979167000305479, 52.212499999679636],
              [6.703680000485425, 51.906566000489136],
              [6.406935999755993, 51.84947499997787],
              [6.1307720002023, 51.88886400040121],
              [5.986944000419359, 51.83055600006424],
              [5.971599407169458, 51.801401155488044],
              [5.9869440001734, 51.738888999536634],
              [6.195719950418233, 51.530049137431],
              [6.223268999910681, 51.470412999985754],
              [6.225924999924977, 51.40026500042615],
              [6.123247569396637, 51.181303164494246],
              [6.018195000454488, 50.82895899955025],
              [6.02101699936451, 50.75428300048155],
              [5.741084999724997, 50.76467399968883],
              [5.64090399989331, 50.84305799978893],
              [5.855137999689696, 51.144481999570154],
              [5.82625800048946, 51.16656500012902],
              [4.937371479632108, 51.40254797674905],
              [4.748863000439524, 51.49663900047144],
              [4.241936999389497, 51.375205999768305],
              [4.198423206173441, 51.40766322228975],
              [3.930945159167456, 51.44000244139799],
              [3.901496173043606, 51.3971748337001],
              [3.813606260733256, 51.389484406290855],
              [3.552171278156601, 51.450036964526504],
              [3.436758040936022, 51.536792755184706],
              [3.581605196448413, 51.597602844385406],
              [4.001789092412027, 51.577209471725666],
              [4.254685879050175, 51.65884780999043],
              [4.075888157644593, 51.70635986177031],
              [4.002525805670545, 51.79870224107879],
              [4.259334087265002, 51.73330688475826],
              [4.483236312761536, 51.68571853737887],
              [4.640398977829808, 51.71132278428988],
              [4.451428889994246, 51.7180404656437],
              [4.100214957625982, 51.828876495404636],
              [4.014458179624273, 51.96396636963921],
              [4.132147312160185, 52.00006484853111],
              [4.339551926425264, 52.153221129203224],
              [4.511229992950582, 52.34762954690778],
              [4.588781832805076, 52.47625350876821],
              [4.718439100465536, 52.90371704086996],
              [4.799788953315605, 52.941886900530044],
              [4.965259074471045, 52.92526245135949],
              [5.291940211459082, 52.739231110281416],
              [5.295339107371686, 52.688915253006805],
              [5.079815864771065, 52.49563598472347],
              [4.882853986449521, 52.412643431910176],
              [4.848425864494255, 52.425277708976566],
              [4.770374296597458, 52.43070983878689],
              [4.77785825676343, 52.40567779389919],
              [5.119227886189343, 52.33312606851043],
              [5.556633949564873, 52.5924873356852],
              [5.610846042858601, 52.656745910788295],
              [5.669143199889374, 52.83037185658932],
              [5.40854597047394, 52.93152236951796],
              [5.3839631085999, 53.10956955147914],
              [5.444668292450019, 53.220207213715156],
              [5.598211287825555, 53.30704116849117],
              [6.034626007325216, 53.40780258233196],
              [6.643546103831357, 53.45447540358866],
              [7.211398475047968, 53.23493604261486],
              [7.207327902535713, 53.03733529995594],
              [7.061278000098437, 52.69854699994864],
              [6.897304999728347, 52.65119199977102],
              [6.9632479999436, 52.444511999947764]
            ]
          ],
          [
            [
              [4.061997999561665, 51.244608999909055],
              [3.885884000229674, 51.199275999613214],
              [3.38117779061287, 51.28293953139175],
              [3.381225533704325, 51.283265819796284],
              [3.363986000255419, 51.37120800008808],
              [3.523878096852012, 51.41106414879114],
              [3.656041145639854, 51.375762938361056],
              [4.238470000545782, 51.35023700048232],
              [4.061997999561665, 51.244608999909055]
            ]
          ]
        ]
      }
    },
    {
      "type": "Feature",
      "properties": { "name": "Norway", "eur": 1600000, "eu_contrib": null },
      "geometry": {
        "type": "MultiPolygon",
        "coordinates": [
          [
            [
              [28.2966785424916, 70.8044281005748],
              [27.6355190277684, 70.62026214647659],
              [28.009292601895854, 70.65774536116997],
              [28.05335998584161, 70.49884033159856],
              [28.469556808528328, 70.45798492385163],
              [28.452516556257358, 70.52537536622509],
              [28.414710999356476, 70.54776000975802],
              [28.568767546738314, 70.75346374543496],
              [28.750999449552626, 70.85182952947464],
              [28.951131820360168, 70.88225555407325],
              [29.191177367524723, 70.85258483860967],
              [29.295833588487664, 70.78872680629902],
              [29.322160720728466, 70.72512054333487],
              [29.971500397380062, 70.70702362148955],
              [30.314231874593897, 70.58999633758182],
              [30.95765304610651, 70.43975067200296],
              [31.04686164910889, 70.36398315292006],
              [31.065246581248193, 70.29009246751076],
              [30.356624602411845, 70.15596008367986],
              [29.73175430292642, 70.07702636696695],
              [28.563671112631173, 70.17655181907371],
              [28.66173172029341, 70.0998764044684],
              [29.679357529085607, 69.97937011551129],
              [29.734397887405017, 69.91006469604801],
              [29.547304153590407, 69.70401000960442],
              [30.07084655828502, 69.72671508780752],
              [30.357572556134475, 69.84435272246206],
              [30.82276993906125, 69.78961016340052],
              [30.936466000703593, 69.67494500037238],
              [30.940272999817743, 69.56128199995399],
              [30.81935399988178, 69.52908699947827],
              [30.580320999404986, 69.54191199928923],
              [30.144028058095103, 69.63542708847812],
              [29.937364999878188, 69.40730099960749],
              [29.42517377701069, 69.31960667856377],
              [29.30811103536678, 69.22400210412333],
              [29.24148799983811, 69.11276199977188],
              [29.16029799983606, 69.06669799979214],
              [29.07267118973539, 69.02549666913028],
              [28.930018999512285, 69.05181299965892],
              [28.80474300054834, 69.11116699971195],
              [28.831486999472425, 69.2240829995362],
              [29.202536527048657, 69.38965057653921],
              [29.33763000055718, 69.4786410001937],
              [29.133588000184613, 69.69555899977577],
              [28.40359300006857, 69.81937100017191],
              [27.886192144350762, 70.08523448825028],
              [27.62949310767564, 70.07578781555394],
              [27.049439131247983, 69.91410156654322],
              [26.76908271109744, 69.9537488722284],
              [26.48874099947605, 69.94383499943403],
              [26.029986500482426, 69.72295445735087],
              [25.884148000160074, 69.55445999939171],
              [25.70715899986985, 69.25428700036913],
              [25.719902000420205, 69.11128000060437],
              [25.46680081431494, 68.90137368836002],
              [25.111843683138424, 68.665630273351],
              [24.905045297467307, 68.57712751382937],
              [24.116991793629616, 68.78501701896614],
              [23.725936043327703, 68.7737200008191],
              [23.60894799209288, 68.70505661069197],
              [23.116860081759896, 68.64061332647479],
              [22.463708370426613, 68.73156955747123],
              [22.176453999160028, 68.95618499929186],
              [21.68538313953396, 69.2385934561351],
              [21.557637874408652, 69.28387807328929],
              [21.281206000025175, 69.31129799934094],
              [20.55032899937147, 69.06008999926107],
              [20.061621000599978, 69.04636600030993],
              [20.33421095221427, 68.80246995038033],
              [20.127970525071795, 68.50444318345669],
              [20.204740003025414, 68.48632499538212],
              [19.91986499167239, 68.35424499975142],
              [18.412036999783272, 68.58130900074022],
              [18.121212999720598, 68.54370199463956],
              [18.08856499938305, 68.41397600132939],
              [18.15090399725924, 68.19462501142029],
              [17.87470899929792, 67.97200199963076],
              [17.278186999787312, 68.11458999986561],
              [16.85570699011714, 67.94949658168149],
              [16.596994809583933, 67.7091663096584],
              [16.261575573623595, 67.52547714168234],
              [16.18101662386642, 66.98504496044666],
              [16.042559006267197, 66.92513300731581],
              [15.48291662209378, 66.54022666240327],
              [15.440499724384669, 66.37013814889559],
              [15.022473058958424, 66.15499829154231],
              [14.549109000055811, 66.03017799998167],
              [14.560238814542268, 65.72631267635168],
              [14.466545980790709, 65.29084547814867],
              [14.174849463727444, 64.99459084971453],
              [13.654347000619293, 64.57964899993047],
              [14.114149999699837, 64.46275799961646],
              [14.157953000534675, 64.19493600027911],
              [13.974516978194975, 64.01549029201001],
              [13.210814000235587, 64.09606799948928],
              [12.927724000300676, 64.05827200042671],
              [12.687392999887459, 63.973981999633025],
              [12.159096179572183, 63.579690563485194],
              [12.062949131613529, 63.345936245136485],
              [12.069508654012763, 63.166691113101194],
              [12.244921206197198, 62.08165673650001],
              [12.136292000182518, 61.71947999972746],
              [12.418674000279596, 61.56917900028997],
              [12.582637999918129, 61.56462499966937],
              [12.869574991438622, 61.35967000406052],
              [12.792261999360353, 61.19798100024861],
              [12.688380961569107, 61.08105227255756],
              [12.596823603344562, 61.04672308654844],
              [12.225101008164767, 61.01084401731064],
              [12.413740609137308, 60.71981979829061],
              [12.582758999793834, 60.550431000270066],
              [12.606059003629595, 60.40532599947462],
              [12.541461999410533, 60.1927819997166],
              [12.448830000195834, 60.03839499975131],
              [12.18368416221295, 59.89606872349392],
              [11.881290999909757, 59.82661000053535],
              [11.780323000618392, 59.643238999748725],
              [11.823323998722653, 59.23709600195952],
              [11.687768037747047, 58.95564294293849],
              [11.590587917523717, 58.891140007293764],
              [11.460445962334717, 58.88971893925523],
              [11.460445961907638, 58.98832096623098],
              [11.36837997553671, 59.09857199406482],
              [11.340247962363971, 59.115052994830776],
              [11.207663154435028, 59.08541873575271],
              [11.181436538550857, 59.19431686501144],
              [11.040920259597218, 59.134197235057144],
              [10.830060958965243, 59.16301345841663],
              [10.745383262863243, 59.25980377215302],
              [10.785875320637128, 59.31410980280871],
              [10.742709160576286, 59.339393616578846],
              [10.671575545160485, 59.47803115911067],
              [10.598301888050687, 59.71589660739243],
              [10.72045707667272, 59.78353881957522],
              [10.73589324956107, 59.74126434358466],
              [10.787951469011395, 59.87428283794151],
              [10.760783194422618, 59.90829849275288],
              [10.537835121381791, 59.890647888546525],
              [10.48960399658393, 59.82204437148358],
              [10.545083044620318, 59.682296751745085],
              [10.420725821530459, 59.60350036677395],
              [10.239620209475664, 59.56814956744185],
              [10.397700311643744, 59.43868637080303],
              [10.362173079831901, 59.184589386847975],
              [10.23987388534009, 59.06147384600041],
              [10.138611793504953, 59.024761200690264],
              [9.852632523178203, 59.01695251474003],
              [9.837865828506027, 59.04449081430055],
              [9.628650663975456, 59.11527633687178],
              [9.469368934992788, 58.91021728541957],
              [9.33563995296451, 58.86659240717065],
              [9.357554435913904, 58.84355163696149],
              [9.274980544801672, 58.74013900768857],
              [8.728624343783098, 58.43851852439203],
              [8.373821258439108, 58.23640060413367],
              [7.64417982005735, 58.01747894207802],
              [7.465009212563267, 58.016986848353824],
              [6.993358135612374, 58.07731246845345],
              [6.826838017000459, 58.079532622520915],
              [6.793235301323584, 58.239475250234335],
              [6.426009177548262, 58.2660255430691],
              [6.050154208372952, 58.37373733493807],
              [5.983200071937278, 58.46669006321803],
              [5.877984047348101, 58.46582794231158],
              [5.660562037483367, 58.560840606430745],
              [5.52129793252072, 58.727153778165274],
              [5.580944060770434, 59.037296294442356],
              [5.758995056149108, 58.95693206753674],
              [6.178564071830567, 58.84894561747574],
              [6.149129868050342, 58.95721054070157],
              [6.100964068478486, 58.94112396079508],
              [5.888129233404308, 59.0719108576291],
              [6.177532195259293, 59.25048065186152],
              [6.094070911644498, 59.393875121501104],
              [6.159605981690541, 59.48239517150484],
              [5.855233192729655, 59.485179901580544],
              [5.62169122836855, 59.39569473343185],
              [5.614436151473913, 59.327453612702996],
              [5.563505172366487, 59.27731704652836],
              [5.513943195038733, 59.27105712896807],
              [5.32731485528685, 59.33311843805175],
              [5.280917168735865, 59.39372634910518],
              [5.253319263558401, 59.42493057160751],
              [5.232226848413207, 59.50497054992495],
              [5.309622287424044, 59.62048339749648],
              [5.53440332367898, 59.71035385100059],
              [5.562154293231691, 59.59561538696583],
              [6.345672130445712, 59.85484695348224],
              [6.371718883709989, 59.873210906828106],
              [6.111105918094186, 59.78332519488584],
              [5.961998939600272, 59.77804183994464],
              [5.686793326672175, 59.857872007878285],
              [5.790070056477034, 59.929534912473876],
              [5.940536021614273, 59.953853607319665],
              [6.137150289554352, 60.115974426830114],
              [6.091159345639351, 60.188793183193745],
              [6.116190910739054, 60.215942382117724],
              [6.545230388938345, 60.427925110360114],
              [6.649369240655576, 60.387638092403265],
              [6.656459807599343, 60.3424873354867],
              [6.847315312111704, 60.48618698070926],
              [6.637998102366998, 60.47390365542443],
              [6.240855217127389, 60.372985840337805],
              [6.022583960752486, 60.25730514446387],
              [5.922040938752795, 60.16465759244803],
              [5.921662331095095, 60.08274078388051],
              [5.719208241365362, 60.0813331600436],
              [5.634348869034425, 60.252281189527515],
              [5.429835320269524, 60.16339111282638],
              [5.38116598135273, 60.16819000199927],
              [5.269689081810202, 60.39385986451009],
              [5.282462121003655, 60.446762086473186],
              [5.561178206796243, 60.425518034472475],
              [5.697601317850721, 60.45243072458371],
              [5.730753899300493, 60.484737396821544],
              [5.759274005391167, 60.70062255910488],
              [5.682652951236014, 60.73382568264101],
              [5.557139874808945, 60.701892852515456],
              [5.528517245515024, 60.62681961099507],
              [5.280628204594543, 60.54241943373392],
              [5.236917972597457, 60.56278991789747],
              [5.13630724025972, 60.732181549824915],
              [5.348179340033885, 60.699123383348],
              [5.39497089412448, 60.72796249386423],
              [5.096807955878978, 60.97404861424654],
              [5.308690071148789, 61.06447219655611],
              [5.804539203675238, 61.127471922573356],
              [6.156817912252065, 61.12113952563726],
              [6.323126316811255, 61.08508682326965],
              [6.626326082913558, 61.16704940860625],
              [6.755240917550497, 61.15262985237741],
              [7.008846283390906, 61.06534957881188],
              [7.413400173617208, 61.133613585566984],
              [7.506203173377267, 61.195148468328426],
              [7.333329201659139, 61.28647613492483],
              [7.331357001553686, 61.239250183493546],
              [7.386181830816809, 61.1844062817903],
              [7.324643135626418, 61.16028976405448],
              [7.086308002093194, 61.13979339646038],
              [6.708969114907002, 61.185985565562355],
              [5.815410137549716, 61.17032241849264],
              [5.391109943585997, 61.076892854378464],
              [5.138728142367814, 61.15886306853639],
              [4.999999999759011, 61.254062653504405],
              [5.000000000652092, 61.28546142478399],
              [5.356456279913041, 61.352893829146495],
              [5.63306903789157, 61.3728866580546],
              [5.20336437255061, 61.35492324743083],
              [5.136567115542893, 61.42297744764468],
              [5.179137230252857, 61.51202392720118],
              [5.361917973075166, 61.57477951129917],
              [5.404726028309876, 61.63793563854777],
              [5.112219810108319, 61.63400649981257],
              [5.054843903462153, 61.75890731960766],
              [5.330459116755049, 61.84741592440007],
              [5.747779846800558, 61.85823822124798],
              [6.065364360332874, 61.82117080717703],
              [6.530916214026147, 61.81672287016934],
              [6.764163015975296, 61.87428283746435],
              [6.211432934546702, 61.858425140111436],
              [5.515047072361009, 61.92599105785896],
              [5.298213959065579, 61.960330962671584],
              [5.393629075589225, 62.02593231145478],
              [5.236369132943949, 62.101833343523076],
              [5.305243013375383, 62.16958618251274],
              [5.517319201636672, 62.196445465284576],
              [5.95204305536233, 62.125572204881635],
              [5.966771126362405, 62.23358917161784],
              [6.353400229768418, 62.37437820437003],
              [6.717857360467269, 62.455844878545754],
              [6.916811941313715, 62.41944503843422],
              [7.037918089707026, 62.169090270663204],
              [7.148520946406844, 62.30107116719156],
              [6.878524303585125, 62.45746231069487],
              [6.624248981239689, 62.51842880261684],
              [6.599030017535435, 62.59181213372051],
              [6.672567843974531, 62.63483810257359],
              [6.819224834368242, 62.65093994022723],
              [7.429295063124139, 62.591110229851445],
              [7.738652963540079, 62.717098039533475],
              [7.4432749752313, 62.754322051475604],
              [6.987703322568291, 62.72311401403657],
              [6.997395992331226, 62.80918884349432],
              [7.074190140706487, 62.832157134724504],
              [7.115501880808055, 62.825748444496895],
              [7.23704814888113, 62.81256103456849],
              [7.130012988102568, 62.85199356080201],
              [6.998670100812289, 62.8474311836506],
              [6.950223923301965, 62.90142059398586],
              [6.96415281403462, 62.93476104646182],
              [7.122887134651323, 62.99635696377961],
              [7.31305933058634, 63.005527496767726],
              [7.450716019358853, 62.93540191751777],
              [7.585978986145396, 62.93986511226355],
              [7.966462135407109, 62.97138595607908],
              [8.213502884010733, 62.791572570923044],
              [8.54828262316757, 62.66984939596969],
              [8.533563614456765, 62.731983185816354],
              [7.95549583451573, 63.00886154126336],
              [7.883915901126251, 62.99747848493769],
              [7.887382983815578, 63.0258979811252],
              [7.995462894156987, 63.107303619771166],
              [8.102819442658989, 63.12164306664308],
              [8.236469269048735, 63.010742188875426],
              [8.335841178979152, 62.870281219445374],
              [8.545741081601298, 62.863826751569675],
              [8.535356521868936, 62.955955504509035],
              [8.225461006573086, 63.041603088838244],
              [8.17507267013522, 63.12995529195585],
              [8.565001487912106, 63.13193130643384],
              [8.743210791354867, 63.19779205330719],
              [8.710505486573306, 63.33374786469599],
              [8.747103692056633, 63.35191726676462],
              [8.967614173455626, 63.412097932461606],
              [9.197446823396715, 63.43643951442174],
              [9.431900978453218, 63.51091003414395],
              [9.544006347303553, 63.60910797085769],
              [9.690374373970611, 63.64134979166774],
              [9.936840056657443, 63.46340560845013],
              [10.26463604009221, 63.34690475562566],
              [10.349620818578767, 63.45369720520405],
              [10.850657463881124, 63.44345474236556],
              [10.910982131022868, 63.47616577039461],
              [10.918333054442815, 63.5929946895328],
              [10.636191369312707, 63.549983976567646],
              [10.708431244494266, 63.60676574722012],
              [10.900270462631969, 63.6826286332913],
              [11.480342865494471, 63.79396820164364],
              [11.29799175148195, 63.87189102122951],
              [11.439347266900544, 64.0263290411697],
              [11.234468459611264, 64.07033538748902],
              [10.916668892370206, 63.90639877297346],
              [11.01856327132483, 63.89279174813838],
              [11.067730903780994, 63.849929809335976],
              [10.944548606747729, 63.74198532259141],
              [10.11227798457796, 63.49846267670701],
              [9.938672065765777, 63.50677871648984],
              [9.81920909927991, 63.62493133496474],
              [9.823948859449635, 63.69159698542349],
              [9.57446861299664, 63.66259002659916],
              [9.56177711511534, 63.718132018529374],
              [9.562659264000443, 63.778831483205934],
              [9.639733315502557, 63.83274841335379],
              [9.953632355444347, 63.90249633702806],
              [10.05697536627578, 64.06031799342186],
              [10.446015358618855, 64.30886077808157],
              [10.512903213560996, 64.37924957257948],
              [10.641967772396576, 64.44739532362979],
              [10.943272591221449, 64.51148223828255],
              [10.96760082186725, 64.5428543089256],
              [10.907732964056812, 64.57917785551822],
              [10.957514763437652, 64.61181640583577],
              [11.072699547510311, 64.56520080459876],
              [11.25221061632296, 64.34131622299874],
              [11.717018126443184, 64.58748626770628],
              [11.47701645029923, 64.58870696954995],
              [11.34402847456604, 64.48551940771378],
              [11.201131820590406, 64.50938415528952],
              [11.02700710302248, 64.60144042905779],
              [11.039047241509023, 64.64026641856219],
              [11.101422309935748, 64.65597534311927],
              [11.354557037433123, 64.56217956409057],
              [11.388484954323856, 64.63165283182674],
              [11.78683853040551, 64.7776794429229],
              [11.692671776155972, 64.87023925785611],
              [11.332712172489128, 64.76113891599094],
              [11.290910719907252, 64.85485076895729],
              [11.463400841321382, 64.93693542476359],
              [12.2071075445811, 65.21624755836413],
              [12.302369117677042, 65.1658096324986],
              [12.320660590493594, 65.12010955881419],
              [12.129108430436597, 65.05346679764494],
              [12.432961463413209, 65.0874862668554],
              [12.754995346399383, 65.20533752377752],
              [12.951427460020367, 65.31583404517829],
              [12.935413361109122, 65.33188629194414],
              [12.369615554815072, 65.18070983973533],
              [12.414142609355665, 65.26863098062536],
              [12.271673202593721, 65.290031433661],
              [12.025172233697027, 65.24005126838526],
              [12.326477052445254, 65.49018859853011],
              [12.466083526588994, 65.52060699432403],
              [12.66484546751346, 65.922416687669],
              [12.846192360459478, 65.97842407286588],
              [13.052150726567067, 65.91600799552936],
              [13.070702553650026, 65.93705749465015],
              [12.961488723433034, 66.06742858861314],
              [12.68414783394959, 66.04629516650812],
              [12.675785065134281, 66.06864929274917],
              [12.83699131129736, 66.13008117549502],
              [13.361722947284017, 66.22695922859089],
              [13.801471710205291, 66.21252441298707],
              [14.060279846410433, 66.31845092668868],
              [13.720446586726709, 66.25837707550939],
              [13.258088111589124, 66.22712707533677],
              [13.14371681252916, 66.41211700370698],
              [13.19251346445279, 66.57640075725504],
              [13.306114197541135, 66.69692230213388],
              [13.674418448869, 66.81762695207836],
              [13.69286823270173, 66.87855529858177],
              [13.775626183517286, 66.97138977099044],
              [13.963564872381806, 67.01871490630349],
              [14.233849525566542, 67.0048980720445],
              [14.35633087189145, 67.21232605025574],
              [14.488981245339394, 67.23802185100978],
              [14.605025290486113, 67.22544860808537],
              [15.124371528371562, 67.23243713402113],
              [15.41214466048262, 67.18790435861769],
              [15.404670713738888, 67.1185684192262],
              [15.456880569467186, 67.10597229008702],
              [15.480319023512434, 67.18774414086194],
              [15.172060011469767, 67.31504058730135],
              [14.446949004871218, 67.27206420868872],
              [14.650826455223253, 67.45786285451601],
              [15.15931892446691, 67.56819152820098],
              [15.603960038407102, 67.35346984860007],
              [15.693893433547247, 67.39873504767607],
              [15.487890244435942, 67.52568054155479],
              [15.218059540563805, 67.59964752332915],
              [15.429381370909738, 67.76184081991843],
              [15.623864174047052, 67.76419830240982],
              [15.830868721862881, 67.68954467831144],
              [15.851698873313012, 67.70948028628992],
              [15.677609445691012, 67.77391815105172],
              [15.418617249489719, 67.82806396461936],
              [15.030483245830906, 67.68537139956989],
              [14.840372086013563, 67.65798950243672],
              [14.745627404337645, 67.68061828562453],
              [14.931318284063025, 67.74932861303482],
              [15.193398476891423, 67.9040985108038],
              [15.611757277756587, 67.95642852758559],
              [15.894357680932291, 67.92909240565058],
              [15.977090835566464, 68.00045013357183],
              [15.92874145572239, 68.03619384846769],
              [15.585067749657675, 68.07624054049305],
              [15.52272224227939, 68.07496643086829],
              [15.395474434403873, 68.04533386243087],
              [15.435121536394258, 68.0265808101072],
              [15.408346175744674, 68.00425720154716],
              [15.283658027863773, 68.0298385614258],
              [15.274347304485293, 68.06094360343744],
              [15.429711341631585, 68.15008544850122],
              [15.663884162828886, 68.19174194365507],
              [15.71563625353279, 68.12677001898643],
              [15.691428185486242, 68.10897827109652],
              [15.887220383410805, 68.14044952409945],
              [16.020322800425316, 68.191947937378],
              [16.24382018977862, 67.89516448943878],
              [16.515655518795523, 67.82094573929271],
              [16.358428954530964, 67.88829803412118],
              [16.383975983099152, 68.03346252567671],
              [16.527248383273957, 68.08972930896353],
              [16.425722123300606, 68.1815032966269],
              [16.343675612779446, 68.2287292476556],
              [16.274868011608525, 68.3763275144052],
              [16.725028991758762, 68.42292785527306],
              [17.13191032404537, 68.39440154999176],
              [17.731040955675297, 68.43611144957714],
              [17.886205672930103, 68.42355346699428],
              [17.349803924780172, 68.49532318113614],
              [16.935022355033837, 68.50489044257742],
              [16.862426757957756, 68.47078704837516],
              [16.519075395164858, 68.44937133755954],
              [16.512554168333867, 68.49435424740527],
              [16.56245422301936, 68.60677337634233],
              [16.618612289303954, 68.64593505894526],
              [17.71683883655933, 68.87610626193782],
              [17.850027083576435, 68.86791229128278],
              [17.70959281890677, 68.93478393578674],
              [17.46389770428349, 68.89328765803049],
              [17.442188262343407, 68.91005706641334],
              [17.478279114613382, 68.98493194566487],
              [17.64854049641398, 69.09916686962646],
              [17.941078185775957, 69.15005493343915],
              [18.081771850822705, 69.23114776581922],
              [18.152542115331425, 69.44679260252957],
              [18.23923111045919, 69.48511505116389],
              [18.370050430426957, 69.46012115573393],
              [18.542659760630343, 69.30807495165922],
              [18.883024215818974, 69.33363342279547],
              [18.649993895781655, 69.36519622867644],
              [18.460365296087268, 69.46820068431225],
              [18.458124160307307, 69.50018310540601],
              [18.496467667431794, 69.51981793424667],
              [18.74888801580428, 69.54560089072343],
              [19.11444473370942, 69.35183715847172],
              [19.12246704049424, 69.37852477966337],
              [19.06798553386724, 69.39437866166101],
              [18.97925949017832, 69.4783706656347],
              [18.94089698814215, 69.60819244427209],
              [19.143091201915563, 69.74849700855897],
              [19.612073898650312, 69.80987548764413],
              [19.720376967580165, 69.54854583734893],
              [19.82720756467036, 69.62679290841892],
              [19.772115707926687, 69.68627929741764],
              [19.87090301599306, 69.77738189660734],
              [20.265031815453526, 69.97522735524814],
              [20.344331740647895, 69.95657348586289],
              [20.40375709546774, 69.89127349945807],
              [20.215414046506556, 69.45616149846956],
              [20.642166138268806, 69.540130613376],
              [20.580669403101698, 69.7765808122228],
              [20.880651474777455, 69.85318756130641],
              [20.968561171437543, 69.77861785873873],
              [21.01053047302744, 69.7821807857038],
              [21.18779373228449, 69.87496948136373],
              [21.18098640346506, 69.93634796114294],
              [21.547002792606985, 69.95474243262592],
              [21.982156755675188, 69.73152923576116],
              [22.139850616560526, 69.74475097673529],
              [21.958841323447647, 69.99607086133166],
              [21.448997498467573, 70.10279846133677],
              [21.173025130807012, 70.21849060185254],
              [21.408802032680722, 70.27719116266825],
              [21.683994292585535, 70.24195098824595],
              [22.152883529106433, 70.29356384368792],
              [22.449947357307206, 70.25814056553554],
              [22.875598906303928, 70.13234710626892],
              [23.145681381085016, 69.96068572927983],
              [23.39102745046656, 69.97363281116046],
              [23.279470443582774, 70.26151275606176],
              [23.77631950361534, 70.46908569313155],
              [24.0385665883503, 70.51463317938872],
              [24.177282332847053, 70.58673858696194],
              [24.456167220270057, 70.74478149471369],
              [24.410678864443103, 70.84862518153749],
              [24.542848588479806, 70.92660522422845],
              [24.804895400658946, 70.94748687674512],
              [25.044721604545323, 70.90908813578497],
              [25.241523743324127, 70.8246459968182],
              [25.357191085551687, 70.92548370360015],
              [25.82607841446781, 70.9026260383064],
              [25.873786924533515, 70.85244751085018],
              [25.04135131784005, 70.50842285247231],
              [25.08315467912822, 70.474975586529],
              [25.149038314223798, 70.4779434194709],
              [25.179065705165737, 70.40625000053811],
              [25.023818971538788, 70.25965118442494],
              [24.93923568622892, 70.23252105572259],
              [24.909925461353275, 70.08808136109015],
              [24.980518341751164, 70.04854583769708],
              [25.141963960653854, 70.06777954088089],
              [25.231472014831095, 70.09869384832785],
              [25.476976394514267, 70.27243804737017],
              [25.47194862333595, 70.31478881759882],
              [25.633222580567367, 70.46478271450053],
              [26.046630858476657, 70.7227325436053],
              [26.49649047912775, 70.92863464433931],
              [26.67610168477621, 70.96708679186683],
              [26.730882644948032, 70.90964508164141],
              [26.732818604178476, 70.82318115100557],
              [26.652574538340552, 70.73075866634412],
              [26.494897842366246, 70.385475158641],
              [26.515346528561647, 70.3603439333736],
              [26.919914245972343, 70.48246765175824],
              [26.98713874765397, 70.53187561156987],
              [27.087045669505372, 70.6857070916424],
              [27.44147872957288, 70.81757354735295],
              [27.337034225570488, 70.89254760728078],
              [27.169624328169654, 70.90122985750463],
              [27.102479935314477, 70.93213653670537],
              [27.215101242536733, 71.03048706043417],
              [27.71535682560453, 71.07656097332008],
              [28.26621437155469, 71.0522995007009],
              [28.548692703008822, 70.97826385446935],
              [28.489164351642803, 70.89948272634668],
              [28.2966785424916, 70.8044281005748]
            ]
          ],
          [
            [
              [9.203013419903968, 63.57049942006578],
              [9.045840261804985, 63.515243528642586],
              [8.5367794039857, 63.43521499561789],
              [8.398575783144354, 63.43208694411906],
              [8.301836967254129, 63.48556900045902],
              [8.476571082915955, 63.56204223628168],
              [8.729151726203524, 63.56190490819764],
              [8.605158806827674, 63.58913040243609],
              [8.56688499449226, 63.593738554358424],
              [8.542465209446396, 63.59788894548948],
              [8.592469214402383, 63.61768722407356],
              [8.85862922768788, 63.64700698839992],
              [8.985863687247532, 63.63173675544115],
              [9.013942719119543, 63.597431182518044],
              [9.203013419903968, 63.57049942006578]
            ]
          ],
          [
            [
              [15.155412674430739, 68.46891021698218],
              [15.036655425892045, 68.3749389648781],
              [14.726762771502813, 68.2614746091734],
              [14.197967528078388, 68.1807632447127],
              [14.204736710367238, 68.23805236963854],
              [14.425393105256687, 68.39629364100529],
              [14.740679740518353, 68.44383239812042],
              [14.836009979743313, 68.4342193606446],
              [14.83851242098398, 68.40877533172171],
              [15.155412674430739, 68.46891021698218]
            ]
          ],
          [
            [
              [15.77648735054462, 68.6146926874393],
              [15.722195625490395, 68.53527069039004],
              [16.166061400987616, 68.73714446933985],
              [16.208635330254722, 68.76950836150037],
              [16.188913343919292, 68.86866760319897],
              [16.289514541186346, 68.90407562235478],
              [16.5601844799857, 68.82266235360814],
              [16.591575622021576, 68.6833114621538],
              [16.51618957434699, 68.56885528756423],
              [16.23588752655205, 68.56362152118542],
              [16.12523078958647, 68.53600311263303],
              [15.891203879448017, 68.45243835408657],
              [15.697473525427402, 68.34416198663014],
              [15.434560775823961, 68.40810394292932],
              [15.173857689111738, 68.32752227886203],
              [15.089017868197468, 68.38633728064059],
              [15.388994216950248, 68.60556030350821],
              [15.499376297054836, 68.64861297561679],
              [15.547970772012782, 68.8623809805509],
              [15.60731506264762, 68.92848205666944],
              [15.72232055542109, 68.97333526560415],
              [15.863659859619082, 68.97132873471446],
              [15.912279129507208, 68.96495056145994],
              [15.962224960876975, 68.89888000532554],
              [15.956089020408449, 68.80055236804826],
              [15.85261154171722, 68.65449523876268],
              [15.77648735054462, 68.6146926874393]
            ]
          ],
          [
            [
              [15.331271172147694, 68.87449646013744],
              [15.41615104818898, 68.73089599553043],
              [15.408027649259747, 68.68547821066967],
              [15.03069782302311, 68.58095550427262],
              [14.919018744049769, 68.58720397739366],
              [14.78566360442383, 68.63543701172826],
              [14.969010352326945, 68.70661926380944],
              [14.671291350718903, 68.66950988863731],
              [14.52442264624316, 68.60521697869135],
              [14.43842983316183, 68.61153411833858],
              [14.388598442561008, 68.66758728031436],
              [14.418569564867814, 68.72041320721418],
              [14.56663608539817, 68.8196105958483],
              [14.704879760653801, 68.80509948698474],
              [14.729772567869812, 68.7636489862914],
              [15.112844467687234, 68.84554290658457],
              [15.011996269398875, 68.94281768865338],
              [15.008700369422398, 68.99882507246033],
              [15.15694332136249, 69.02690887522976],
              [15.184989929100103, 69.01799774220892],
              [15.225637436262126, 68.92174529998256],
              [15.331271172147694, 68.87449646013744]
            ]
          ],
          [
            [
              [17.811511993181647, 69.57440948461624],
              [18.079578400705667, 69.43441772644937],
              [18.006431580672658, 69.19689941256155],
              [17.84274482657596, 69.1618423467169],
              [17.575609207048785, 69.15986633345824],
              [17.49371528511707, 69.17444610670677],
              [17.53191757035149, 69.19847869852234],
              [17.488924026833942, 69.21143341162407],
              [17.19832038839319, 69.0591888425542],
              [16.893148423603815, 69.05722808869005],
              [16.895122528542107, 69.1359634403697],
              [17.220767974496816, 69.46701049759301],
              [17.196149825890288, 69.5027008075878],
              [17.45922660765964, 69.57260894779238],
              [17.72123718374056, 69.56784057743981],
              [17.811511993181647, 69.57440948461624]
            ]
          ],
          [
            [
              [18.939548491973955, 69.70423126239133],
              [18.762092590495612, 69.68017578236912],
              [18.735691070368418, 69.63705444360043],
              [18.761938094722243, 69.6334991466486],
              [18.68342399495297, 69.5567626956498],
              [18.213815690585704, 69.52020263748196],
              [18.005891800087976, 69.56647491441318],
              [18.035127641383607, 69.60453796474486],
              [18.3161087033396, 69.71837615952911],
              [18.748361587779524, 69.6906280506294],
              [18.73034858764865, 69.8007354754911],
              [18.648403167423865, 69.85340881198982],
              [18.693035125478218, 69.88113403386755],
              [18.809148788438037, 69.87811279363042],
              [18.97632789682655, 69.82480621269461],
              [19.050212860332994, 69.76727294961302],
              [18.939548491973955, 69.70423126239133]
            ]
          ],
          [
            [
              [19.355392455261466, 69.82718658441914],
              [19.11019325156557, 69.78810882547761],
              [18.70501899713149, 69.9278259266357],
              [18.925369263546344, 70.03092956431561],
              [19.22541236938365, 70.08177948175295],
              [19.390563965492138, 70.00131225512297],
              [19.44406509445989, 69.8941268917043],
              [19.355392455261466, 69.82718658441914]
            ]
          ],
          [
            [
              [23.587150574640372, 70.59393310365776],
              [23.640457152889702, 70.49321746725107],
              [23.633262634236104, 70.44396209736654],
              [23.344039917368185, 70.31328582684067],
              [23.169128417331713, 70.27516174324656],
              [23.09370231488414, 70.28498077242178],
              [22.8490924844838, 70.40039825506992],
              [22.904232025090806, 70.46436309933908],
              [23.112625122811963, 70.54280090320265],
              [23.239929198398773, 70.52137756328841],
              [23.479181289862588, 70.55456542960533],
              [23.48419570983204, 70.57622528046367],
              [23.403852463312536, 70.60810089099253],
              [23.485033034571234, 70.62870025622132],
              [23.587150574640372, 70.59393310365776]
            ]
          ],
          [
            [
              [22.924339294252515, 70.5339202893995],
              [22.1103363037782, 70.51277160628085],
              [22.127647399447902, 70.64607238840088],
              [22.905450821680855, 70.7012023925955],
              [23.3079128251593, 70.85879516427521],
              [23.400032044618712, 70.83284759401364],
              [23.490053176463164, 70.77949523912481],
              [22.924339294252515, 70.5339202893995]
            ]
          ]
        ]
      }
    },
    {
      "type": "Feature",
      "properties": {
        "name": "Romania",
        "eur": 383344.05,
        "eu_contrib": 306078.29
      },
      "geometry": {
        "type": "Polygon",
        "coordinates": [
          [
            [27.26671100033362, 47.732952002722115],
            [27.456707001370436, 47.504813003969915],
            [27.807026999474857, 47.16597600288927],
            [28.09638600017549, 46.97845400266444],
            [28.08023599848475, 46.96030200289934],
            [28.11533900069371, 46.847301002982725],
            [28.23859699914276, 46.594998002335345],
            [28.22383099975892, 46.38883600182453],
            [28.116392000919483, 46.20907500196315],
            [28.10728999990709, 46.08880000258628],
            [28.13476199854561, 45.574953003032704],
            [28.16275499948726, 45.50281400164989],
            [28.212888838941033, 45.46743796304514],
            [28.349762999833505, 45.320179999562264],
            [28.710859999842537, 45.22404300004518],
            [29.247456000187345, 45.4350829999224],
            [29.447220999524465, 45.43200899988246],
            [29.593057000268914, 45.388789000100935],
            [29.64906100007439, 45.34129699976989],
            [29.68919178350646, 45.20286867043926],
            [29.669321000406764, 45.128107999067254],
            [29.45467999968009, 44.81748799854918],
            [29.085050500453033, 44.74902499899096],
            [28.706692500586325, 44.37080849883776],
            [28.636477500174667, 44.219838498619694],
            [28.578888923599735, 43.738721121847156],
            [28.223844613762214, 43.762471334187744],
            [27.61950534092479, 44.02077480970012],
            [27.253606795655998, 44.12144660943439],
            [27.04909545398663, 44.14059707969068],
            [26.17755564956074, 43.9878046587304],
            [26.08058023576956, 43.944273534436604],
            [25.786339498778442, 43.70965283445851],
            [25.385533931953713, 43.61918693417668],
            [25.014131458552416, 43.71706658624586],
            [23.948451666799734, 43.74497571312138],
            [23.402343168668374, 43.85203048737995],
            [23.174135443359305, 43.8205658404071],
            [22.776293169418512, 44.17677292591195],
            [22.676142999703913, 44.21545099992564],
            [22.53475899984415, 44.33060100029166],
            [22.470174000416957, 44.439188000411015],
            [22.56379700009587, 44.533106000140336],
            [22.695061999871847, 44.51627800020475],
            [22.761528999550467, 44.538826999679195],
            [22.702633000282184, 44.603360999679694],
            [22.417506999550117, 44.70295799993493],
            [22.30677799954944, 44.658591000263854],
            [22.232169000490227, 44.55956599979764],
            [22.026040999660367, 44.58033899981842],
            [21.425714999759474, 44.77435699963473],
            [21.462502999486965, 45.0733409996998],
            [21.299048999678195, 45.24140500014775],
            [21.00066799970381, 45.341800000307195],
            [20.808826999745214, 45.47960299987996],
            [20.793855000428003, 45.58709899995384],
            [20.66012800045315, 45.829184999775286],
            [20.34943599961473, 46.01887799976053],
            [20.26377400028306, 46.126144000165574],
            [21.030824999899888, 46.258167999714324],
            [21.28527300020086, 46.47589299956305],
            [21.9644400003863, 47.38136799957208],
            [22.22413500000775, 47.679933999969776],
            [22.32047699938882, 47.75743699960811],
            [22.679614999487978, 47.78915399956325],
            [22.896020372608007, 47.9540516042237],
            [23.111373830987503, 48.069596534650366],
            [23.282944272562922, 48.0647058517955],
            [24.098646474420928, 47.93136117912947],
            [24.38553900022773, 47.94069999959233],
            [24.65391699987899, 47.9135910001283],
            [24.882965999757925, 47.72405999959696],
            [25.022148999748904, 47.73072800034987],
            [25.115580999620782, 47.76286799997232],
            [25.20015499964045, 47.8455570002657],
            [25.873414000514288, 47.966213999952835],
            [26.261622999822862, 48.07464999962909],
            [26.63025876165207, 48.25982410889432],
            [26.813251999532113, 48.24988200325764],
            [27.035796000803128, 48.09745600435392],
            [27.165859999158098, 47.954499003087946],
            [27.26671100033362, 47.732952002722115]
          ]
        ]
      }
    },
    {
      "type": "Feature",
      "properties": { "name": "Poland", "eur": 1148679.39, "eu_contrib": null },
      "geometry": {
        "type": "Polygon",
        "coordinates": [
          [
            [18.348461001286317, 54.82458649913345],
            [18.72300450050639, 54.68388200028922],
            [18.78085399956531, 54.65486699906061],
            [18.824831500186068, 54.62372949862026],
            [18.816475500283932, 54.59463849914344],
            [18.687591499404803, 54.69433800034738],
            [18.423325499725024, 54.78867300000413],
            [18.396345999420983, 54.74634849851615],
            [18.568466000521408, 54.44982899882673],
            [18.742906999411634, 54.37365399894102],
            [18.989519000601256, 54.34514249930488],
            [19.256157000162627, 54.35731899865274],
            [19.478125998568512, 54.39682899914977],
            [19.63917689697507, 54.45836385348675],
            [19.64705299962917, 54.453383000143646],
            [19.648485748642752, 54.453290688117946],
            [19.595548500368558, 54.42575449902498],
            [19.31454300048968, 54.35247399890369],
            [19.224464500112585, 54.33293549853071],
            [19.28141749974154, 54.27785499914364],
            [19.41074749966048, 54.27087049946504],
            [19.80394385182219, 54.442639227389236],
            [21.441483999685307, 54.321320000340314],
            [22.79221600043505, 54.36352100021732],
            [22.8616259999281, 54.40953899950097],
            [22.99812199958096, 54.38412699955441],
            [23.374192999552818, 54.23025200051392],
            [23.489392999478262, 54.14452899971794],
            [23.528322999816126, 54.06575399980447],
            [23.51497892734813, 53.95625101684626],
            [23.545096999903183, 53.80515199961784],
            [23.654007000598053, 53.537332999689724],
            [23.818749999712136, 53.24402400018822],
            [23.90070700011967, 53.17664200002186],
            [23.94018800029111, 52.9547369994828],
            [23.938640999527607, 52.71301700030916],
            [23.753533999741812, 52.613719000493326],
            [23.471218000199364, 52.55126200022956],
            [23.17883616344332, 52.28374679279864],
            [23.201567000152814, 52.22749799959419],
            [23.44273400032844, 52.18018900039064],
            [23.614497999336375, 52.10898199956466],
            [23.651478000237585, 52.063389000418766],
            [23.68449100011345, 51.985892000488434],
            [23.543710000226245, 51.7232519997289],
            [23.541577999975157, 51.60352399990846],
            [23.617825998532325, 51.50787999960399],
            [24.00986999987794, 50.92100300141664],
            [24.094672000251492, 50.63031300027428],
            [24.068503000359115, 50.50086699949658],
            [23.984767998442287, 50.41260999874996],
            [23.693656998368525, 50.35924899993114],
            [23.388115036461812, 50.16322719321458],
            [22.81313492001589, 49.693805260392026],
            [22.64071000026122, 49.52979299858631],
            [22.804895001278005, 49.133998001281974],
            [22.631864333492178, 49.07208796419035],
            [22.565738333111998, 49.087986157097035],
            [22.428856000368317, 49.09847399958735],
            [22.143029999625476, 49.192827000327746],
            [22.034479000588348, 49.23871300023251],
            [21.868530000251102, 49.371744000079],
            [21.700987999418334, 49.41833700024226],
            [21.361985000293604, 49.44229400016145],
            [21.058193999415284, 49.402595000321696],
            [20.370225000414862, 49.404922999788226],
            [20.151837000611398, 49.31844200011483],
            [20.112756000171697, 49.26111599989656],
            [19.768351000171506, 49.23670500010236],
            [19.74105099955287, 49.40398499989193],
            [19.47575999963117, 49.60478899971652],
            [19.277509000384295, 49.533236000295155],
            [18.97301600056709, 49.49754000032554],
            [18.850898999431205, 49.516897000446995],
            [18.813402000126647, 49.63982900003083],
            [18.58597700015333, 49.84897399977966],
            [18.169232999823183, 49.99227400041698],
            [17.989900000467955, 50.01391999985405],
            [17.60526800027495, 50.17103800036043],
            [17.59821300012667, 50.27057900016392],
            [17.156574999678703, 50.38025500003308],
            [16.934430000462605, 50.33001000019378],
            [16.962796000606545, 50.23308100022692],
            [16.723894999812785, 50.10525000002816],
            [16.29331700012656, 50.37330600005438],
            [16.34362499975708, 50.49595800033731],
            [16.230852999437616, 50.66858299956298],
            [15.933715000452182, 50.68677599976253],
            [15.571621999869405, 50.778708999945444],
            [15.285256999991459, 50.94455200023644],
            [14.94328300014451, 50.86671400049892],
            [14.82336600000761, 50.870560000177264],
            [14.975414999414298, 51.075418000043776],
            [15.039749999655129, 51.27465800006416],
            [14.956470000328764, 51.46203500019653],
            [14.747378000243756, 51.59467900047536],
            [14.604432000360116, 51.805440000175075],
            [14.682321000447011, 51.896169000319766],
            [14.757671999591793, 52.068145999498974],
            [14.668803999403615, 52.260084999937504],
            [14.220165000314282, 52.98915600037885],
            [14.352823000512844, 53.05944300035108],
            [14.421150000043436, 53.234029999587875],
            [14.406204999757845, 53.343943999977185],
            [14.267491376480628, 53.69778711549583],
            [14.3412879994134, 53.71784049847662],
            [14.539948500579124, 53.69949699928844],
            [14.74482650014993, 53.93748900045697],
            [14.800419000620801, 54.007579499250035],
            [14.78574849946311, 54.03078849862541],
            [15.266030999581885, 54.14016349907937],
            [15.962844999064455, 54.25029199887626],
            [16.409013499617956, 54.46471449949215],
            [17.10006950050385, 54.68370499944276],
            [17.8993289994889, 54.8241049986091],
            [18.348461001286317, 54.82458649913345]
          ]
        ]
      }
    },
    {
      "type": "Feature",
      "properties": {
        "name": "Svalbard and Jan Mayen Islands",
        "eur": null,
        "eu_contrib": null
      },
      "geometry": {
        "type": "MultiPolygon",
        "coordinates": [
          [
            [
              [16.29921309185715, 80.06390889541251],
              [16.519864175150744, 80.04716959383146],
              [16.62781678153538, 79.96085400173504],
              [16.906036923406067, 79.93830817229967],
              [16.932491622041653, 79.94450887072722],
              [16.970615388498942, 79.95215606753267],
              [17.019502640362578, 79.9576416032657],
              [17.095831430503694, 79.9542029790101],
              [17.332562839096724, 79.92858303182143],
              [17.615811157241087, 79.87635650611405],
              [17.756492615732668, 79.83693695189162],
              [17.75802077650092, 79.83645689914637],
              [17.76107709650746, 79.83549679193708],
              [17.83137246772358, 79.81341433051514],
              [17.834428787556572, 79.81245422526773],
              [17.9849472044504, 79.75539398314339],
              [17.987867796455877, 79.75415449972498],
              [17.990788387589866, 79.75291501708978],
              [18.040438432880208, 79.7318438021597],
              [18.041898727628226, 79.73122406118124],
              [18.044960021314566, 79.7276821145086],
              [18.04598045268692, 79.72650146499387],
              [18.048028599213968, 79.7241294163398],
              [18.051100818615375, 79.72057134461407],
              [18.057245255935353, 79.71345520108251],
              [18.05580268312779, 79.7128199902259],
              [18.015410700140315, 79.69503415038976],
              [18.01252555812602, 79.69376373311272],
              [18.007870102125484, 79.69253845324938],
              [18.006318283562933, 79.69213002555024],
              [18.004766463410963, 79.69172159817563],
              [17.976833724348857, 79.68436991407305],
              [17.74431552733115, 79.60994491474874],
              [17.615384815944836, 79.55621814622648],
              [17.662985023835862, 79.40105167150182],
              [17.69495156224578, 79.37251057273785],
              [17.85344610248766, 79.40543670477838],
              [17.916486952550116, 79.42409091489834],
              [18.000203889224096, 79.46913620481124],
              [18.034562586991065, 79.52290153376389],
              [18.050184370453504, 79.5665388126697],
              [18.05892740906319, 79.59019063229083],
              [18.18290138205319, 79.62378692400044],
              [18.18754135971804, 79.62450730079861],
              [18.209194585465546, 79.62786905493124],
              [18.212287902273737, 79.62834930441082],
              [18.2138668184929, 79.62837366842312],
              [18.217024649803196, 79.62842239916709],
              [18.261234283434572, 79.6291046131938],
              [18.26282611200432, 79.62892767164558],
              [18.29943818397682, 79.62485797716609],
              [18.30262184157951, 79.62450408899744],
              [18.597873689578186, 79.57466125398359],
              [18.604163761805456, 79.57342820016811],
              [18.659201895217798, 79.56263896402301],
              [18.660774412723093, 79.56233069937437],
              [18.66234693054459, 79.5620224370523],
              [18.663919449779115, 79.5617141719266],
              [18.66543070423776, 79.56119301277535],
              [18.698678334689472, 79.54972748532661],
              [18.727392197455437, 79.539825438928],
              [18.85332374634247, 79.4353591922621],
              [18.88399101776073, 79.39155443819082],
              [18.830015182567486, 79.31860351484212],
              [18.80957603479198, 79.2930679318907],
              [18.808073225320207, 79.29266284697005],
              [18.79454794448003, 79.28901708486933],
              [18.784028280937516, 79.28618149467785],
              [18.7780170431885, 79.28456115527509],
              [18.765444564148723, 79.2823944074263],
              [18.75287208439519, 79.2802276603068],
              [18.716726207120285, 79.27399826016786],
              [18.715154646679657, 79.27372741804669],
              [18.747536515875677, 79.24524850709872],
              [18.889444350104867, 79.17555999625704],
              [18.890813826255403, 79.17489800065225],
              [18.90176963772973, 79.16960202694541],
              [18.907247544524466, 79.16695404157379],
              [18.908807967020877, 79.16662173705089],
              [18.911928813293184, 79.16595713298676],
              [18.949378967259687, 79.15798187201396],
              [19.13565444966459, 79.14899444617775],
              [19.13887270727301, 79.14932497681625],
              [19.14048183557746, 79.14949024520777],
              [19.235420451642877, 79.15924094595633],
              [19.245075226011405, 79.16023254417024],
              [19.246515273345562, 79.16091918831019],
              [19.24939537182142, 79.16229248081261],
              [19.263795852398275, 79.16915893595419],
              [19.26667594888047, 79.17053222505452],
              [19.267421722715778, 79.17179489123076],
              [19.449898188803296, 79.17459191224874],
              [19.718013039148673, 79.15492038021226],
              [19.78164927216188, 79.14217020742514],
              [19.895469666793392, 79.01683044391824],
              [20.505315781199045, 78.93730574315722],
              [21.252178192869636, 78.85892486616486],
              [21.253765514378955, 78.85896791718596],
              [21.264876773400623, 78.85926927810674],
              [21.27122606548911, 78.85944148487914],
              [21.27440071167508, 78.85952758785766],
              [21.27596627737958, 78.8594201909127],
              [21.315105437111352, 78.85673522846571],
              [21.316710631367297, 78.85662460418207],
              [21.31831582449563, 78.85651397592399],
              [21.36326122222396, 78.85341644181925],
              [21.392154693701976, 78.8514251717483],
              [21.469606400832124, 78.83757019014472],
              [21.513196945731888, 78.81699044233535],
              [21.48243318829832, 78.74722255284806],
              [21.384393564403574, 78.69324340725623],
              [21.10480690106623, 78.66027831905805],
              [21.103280306113632, 78.66020393228183],
              [21.086487769395056, 78.6593856821653],
              [21.083434582435856, 78.65923690887091],
              [21.08038139266084, 78.65908813475478],
              [21.07881762695073, 78.6592934347686],
              [21.06630750016893, 78.66093583501255],
              [21.04597854682408, 78.6636047353352],
              [21.005394182472852, 78.67118835362032],
              [20.91825749269074, 78.68792020322748],
              [20.7819557183599, 78.7093238829629],
              [20.49305343551068, 78.68977356152375],
              [20.357734172878793, 78.67872929437047],
              [19.749874910979187, 78.622683844096],
              [19.554914473305264, 78.59283447292582],
              [19.286209105806897, 78.49034881650294],
              [19.091928021187663, 78.47672800850366],
              [18.97635574365373, 78.45150451762002],
              [18.980916976904627, 78.26853473396467],
              [18.988353208829043, 78.20088681470756],
              [18.65897941612305, 78.05467224104665],
              [18.614209366244577, 78.05883789033432],
              [18.61101150667525, 78.05913543781311],
              [18.607806175822045, 78.05915561896505],
              [18.562931552794506, 78.05943815105479],
              [18.561328888812188, 78.05944824298214],
              [18.418303122432405, 78.04647621934765],
              [18.378082101167944, 78.02285350330857],
              [18.37473175859687, 77.93935671744109],
              [18.372994367759265, 77.87329281052301],
              [18.394376754691802, 77.71723174923608],
              [18.307776133153435, 77.53947024832028],
              [18.215226535710126, 77.49981847297234],
              [18.007095615760456, 77.5021723318881],
              [17.91149711625387, 77.5051193235546],
              [17.73987007148847, 77.50146103003244],
              [17.711994443513586, 77.49798965336153],
              [17.66506613620061, 77.45987298803558],
              [17.539894103696362, 77.35591888387098],
              [17.46500873515393, 77.28624930781957],
              [17.23796992913118, 77.05508055321891],
              [17.060339451077322, 76.85446357801271],
              [17.022155810479095, 76.77512790063261],
              [17.074945254009446, 76.76463885253852],
              [17.07805051602929, 76.76402184910383],
              [17.081155776276656, 76.76340484702641],
              [17.17695426794518, 76.72234344364327],
              [17.179611586953193, 76.72094879027351],
              [17.182268906042868, 76.71955413751758],
              [17.183597566706364, 76.71885681189686],
              [17.183714549986618, 76.71581776861474],
              [17.183773041709852, 76.71429824836176],
              [17.18394851642458, 76.70973968462087],
              [17.181369434950806, 76.70793221077012],
              [17.17105310539167, 76.7007023205395],
              [17.169763564433822, 76.69979858458215],
              [17.087437629203105, 76.65585327172323],
              [16.985919951990276, 76.60516967780698],
              [16.86010885378202, 76.5800647738236],
              [16.841927767682474, 76.57680177737427],
              [16.79883575325554, 76.57058715832304],
              [16.795608208628614, 76.57036076677508],
              [16.790766890470152, 76.57002118190516],
              [16.721374668348858, 76.56515378205951],
              [16.719760895330335, 76.56504058713844],
              [16.718213082373016, 76.56507873431143],
              [16.715117454537022, 76.56515502891149],
              [16.7089262009464, 76.56530761703246],
              [16.70583057353438, 76.56538391055341],
              [16.688804624674706, 76.56580352992721],
              [16.634548188541686, 76.56775665373706],
              [16.598983155004802, 76.56939483425047],
              [16.595749969945896, 76.5695437604499],
              [16.59413337790242, 76.56961822403393],
              [16.407828070939935, 76.59369451449291],
              [16.34554897719437, 76.64802481911975],
              [16.21583048425123, 76.71979014116484],
              [15.566255380053224, 76.86988576177227],
              [15.527254867442565, 76.87306467609378],
              [15.525694848639617, 76.87319183406376],
              [15.515249849706763, 76.87727737492368],
              [15.513757705860536, 76.87786102225239],
              [15.51464939093564, 76.87920522749614],
              [15.528024673128575, 76.89936828752427],
              [15.532216071544488, 76.90114746255888],
              [15.548981666540795, 76.90826415967871],
              [15.552138327307809, 76.9089074719946],
              [15.586861609155267, 76.9159838859469],
              [15.58843994122074, 76.91630554268664],
              [15.830938513192393, 76.9506933030598],
              [15.955415133810156, 76.96523521768043],
              [16.056739807204035, 76.97663879483764],
              [16.059921416974714, 76.97695739894773],
              [16.096509933226887, 76.9806213382469],
              [16.0996505724737, 76.98071289187146],
              [16.110642813473145, 76.98103332495575],
              [16.11221313407038, 76.98107910284462],
              [16.14762878349778, 76.98024749774767],
              [16.15082550033311, 76.97984759009819],
              [16.182792663582426, 76.97584851682778],
              [16.184391021279737, 76.97564856125751],
              [16.185989379604095, 76.97544860810265],
              [16.18750328867291, 76.97498821443224],
              [16.229892731074425, 76.9620971678108],
              [16.233413014935405, 76.9587751124288],
              [16.24162701269209, 76.95102364663312],
              [16.470516891133844, 76.98501312161657],
              [16.365598678182955, 77.01549530098278],
              [16.0628681191799, 77.05619557850781],
              [15.888632933672918, 77.01896921722744],
              [15.662975594008108, 77.0056129732642],
              [15.603857953400153, 77.00424890949606],
              [15.478149005860553, 77.00269862501831],
              [15.420978817407311, 77.0027749191285],
              [15.387451122950331, 77.00421257004658],
              [15.27417182983903, 77.0169982908921],
              [15.238237619565602, 77.02319179707271],
              [15.236675262761015, 77.02346108078356],
              [15.233550547933323, 77.02399964633139],
              [15.225738762410288, 77.02534606291029],
              [15.224176406477483, 77.025615345214],
              [15.205428122127055, 77.02884674016141],
              [15.16019821159838, 77.03668721561871],
              [15.146635818328585, 77.05841217015964],
              [15.06139135428473, 77.13275146561787],
              [14.801400186162384, 77.17670440670267],
              [14.798233294033647, 77.1771322078834],
              [14.719060985147308, 77.18782723156578],
              [14.715894091445014, 77.18825503221022],
              [14.714310645219136, 77.18846893349807],
              [14.707945005784712, 77.18882468128183],
              [14.706353596112796, 77.18891361835854],
              [14.704762185536183, 77.1890025559226],
              [14.703170775605743, 77.1890914917987],
              [14.701579366443662, 77.18918042816222],
              [14.658611297223072, 77.19158172670865],
              [14.65703603160656, 77.19155311677741],
              [14.655460767357983, 77.19152450689666],
              [14.619229657756065, 77.19086647180553],
              [14.614503860168124, 77.19078063941987],
              [14.536540221619903, 77.18261795090838],
              [14.331414222874518, 77.24757385288082],
              [14.063268404604903, 77.39265383227168],
              [13.935686110337606, 77.49754333605654],
              [13.941647531279303, 77.52816772469828],
              [13.944797700713792, 77.52889662709744],
              [14.021976856481935, 77.5467546918759],
              [14.02355194020036, 77.54711913997303],
              [14.025046212040596, 77.54732186569419],
              [14.034011840989807, 77.54853820828598],
              [14.035614925735597, 77.54875390802924],
              [14.24241281970747, 77.57657903731668],
              [14.25203132576897, 77.57787322950902],
              [14.255231674937916, 77.57802327468481],
              [14.258432025328856, 77.5781733190706],
              [14.31763848728772, 77.58094914791049],
              [14.319238663713465, 77.58102417058106],
              [14.320835619632483, 77.5809887170293],
              [14.370341245495021, 77.57988963436308],
              [14.37353515566696, 77.57981872579525],
              [14.499371528899534, 77.5710296626363],
              [15.042147636361992, 77.55679321275129],
              [15.650976296755303, 77.5349737546183],
              [16.09783152435604, 77.45029328947274],
              [16.139825012674457, 77.44334642700761],
              [16.221372604822758, 77.43240356480763],
              [16.22273699352694, 77.43247604351437],
              [16.22410138360017, 77.4325485225524],
              [16.229558945653963, 77.43283843980747],
              [16.232027435235995, 77.43646850478326],
              [16.232850265476753, 77.43767852628281],
              [16.233673096056364, 77.43888854954983],
              [16.2541370398439, 77.47595214772795],
              [16.231109618572976, 77.48276519754909],
              [15.947299480225512, 77.55065917986649],
              [15.775286319638955, 77.57499978752172],
              [15.357912898682011, 77.60013961784963],
              [15.210900306748673, 77.60682532820711],
              [15.039257771370213, 77.60585135462195],
              [14.888672002973397, 77.61942850619063],
              [14.805143822747416, 77.64319999746358],
              [14.76817138755352, 77.66002639800753],
              [14.88114095557076, 77.67617576567586],
              [15.27308165948899, 77.71948385418237],
              [15.427803097769198, 77.73230766692498],
              [16.295047760143603, 77.78694915836147],
              [16.848600795905835, 77.80443282360814],
              [16.88688659758397, 77.82530212450713],
              [17.019880294188738, 77.93037414524078],
              [17.0182828906722, 77.93036490369859],
              [16.940010071383966, 77.92991198154402],
              [16.93681526277997, 77.92989349446897],
              [16.928761734377062, 77.9293493970858],
              [16.91265467661657, 77.9282612063235],
              [16.90621185246563, 77.92782592868505],
              [16.796741486801395, 77.91180419896804],
              [16.79518589240868, 77.91149059144699],
              [16.770296397962294, 77.90647285893813],
              [16.76718521060723, 77.90584564107476],
              [16.765663800850376, 77.9053717478511],
              [16.724585723212094, 77.89257659805995],
              [16.716978672278326, 77.89020712727498],
              [16.713935851010152, 77.88925933835364],
              [16.711568730954557, 77.88705885899117],
              [16.70920161113392, 77.88485838243163],
              [16.705650930509663, 77.88155766512322],
              [16.7044673711531, 77.88045742626032],
              [16.304509124432744, 77.85475403002067],
              [15.914531706196232, 77.82981109550288],
              [15.912950117446963, 77.82980696288439],
              [15.876573562651558, 77.82971191296664],
              [15.87337338371252, 77.8298492429781],
              [15.756566826049825, 77.83486175583907],
              [15.754966736003663, 77.83493042006275],
              [15.692830681815865, 77.84285259166292],
              [15.69123745031693, 77.84305572483302],
              [15.685001113252998, 77.84438647628033],
              [14.925625004705802, 77.78838472968101],
              [14.43682320872695, 77.7535874333905],
              [13.942190011615827, 77.72519175097602],
              [13.815180300203853, 77.73080444256496],
              [13.6452913289693, 77.93634796138247],
              [13.643121004496185, 77.94218826352105],
              [13.642578422321044, 77.94364833703644],
              [13.637695193689893, 77.95678901621852],
              [13.636610030558161, 77.95970916822893],
              [13.64144963448268, 78.03459988991698],
              [13.653852463777504, 78.06661224484586],
              [13.781455708689712, 78.08534507809551],
              [13.837000846488959, 78.09339904831025],
              [13.838615863527458, 78.09345781058661],
              [13.903216544503838, 78.09580831443785],
              [13.906446579595665, 78.09592583981103],
              [13.909676612874017, 78.09604336380681],
              [13.912906647836078, 78.09616088873128],
              [13.922458000372101, 78.09592285116273],
              [13.987725581727355, 78.09429626467985],
              [13.989317475172653, 78.09425659108008],
              [13.992501259686554, 78.09417724650386],
              [14.00372870851862, 78.09311209732194],
              [14.018163998742018, 78.09174262217604],
              [14.199424743842037, 78.09468078541819],
              [14.904051954667363, 78.10750649169918],
              [15.033132906035009, 78.12191973263869],
              [15.397507782757577, 78.24702514613614],
              [15.594905852524441, 78.3087158190813],
              [15.602800971531481, 78.31018656587374],
              [15.604379996189339, 78.31048071294047],
              [15.78596774438628, 78.34430783957245],
              [15.797020910590856, 78.34636688120078],
              [15.798604097302434, 78.34647022671088],
              [15.846099680502919, 78.34957053565535],
              [15.849266052347339, 78.34977722380822],
              [16.070543287340286, 78.36225128250929],
              [16.07377756329954, 78.36238450378815],
              [16.080246116565117, 78.3626509453263],
              [16.086714669480077, 78.36291738707041],
              [16.089948946611106, 78.36305060743268],
              [16.110971744350767, 78.36391654383227],
              [16.1125888825642, 78.36398315375988],
              [16.115751363623428, 78.36375544545925],
              [16.117332604236466, 78.36364159147776],
              [16.11891384610378, 78.36352773839145],
              [16.12049508733319, 78.363413883852],
              [16.1220763281134, 78.36330003020787],
              [16.141051218989336, 78.3619337811586],
              [16.174257278719164, 78.35954284787255],
              [16.17898861192844, 78.35890730176115],
              [16.2842852284796, 78.35003916333004],
              [16.388119887194506, 78.34395828343372],
              [16.46884346008898, 78.3397754411063],
              [16.641611099428275, 78.33468628083997],
              [16.64806007075536, 78.33489169999814],
              [16.788325197354933, 78.33935956963468],
              [16.789937440629963, 78.33941092310143],
              [16.791549683327197, 78.33946227909448],
              [16.839212417698977, 78.34290313663752],
              [17.298585613751527, 78.42032046512182],
              [17.232782363202983, 78.4460144020114],
              [17.23117402914579, 78.44598799286642],
              [17.190965651299084, 78.44532776113427],
              [16.974925816395924, 78.4199449416146],
              [16.738557225853036, 78.39690871514921],
              [16.40328979643689, 78.43679351687825],
              [16.315694809005716, 78.45403609759289],
              [16.55954512911657, 78.57985351088624],
              [16.674098447971854, 78.61691492273279],
              [16.82158801543196, 78.64864550018979],
              [16.83486739195044, 78.67812831177707],
              [16.56393241922387, 78.72409057573444],
              [16.562323379813588, 78.72417653284667],
              [16.55910530170817, 78.72434844866007],
              [16.53979682849927, 78.7253799422607],
              [16.51195036611413, 78.71991066251253],
              [16.507309290398887, 78.71899911555968],
              [16.504215239758743, 78.71839141855575],
              [16.501340187678142, 78.71702649387677],
              [16.468277100448997, 78.70132987684856],
              [16.461089473645075, 78.69791756855355],
              [16.459651946834832, 78.6972351077196],
              [16.383910625323576, 78.63591766347264],
              [16.370409011951207, 78.59972127124958],
              [16.30389118149659, 78.56768035817531],
              [16.280921133389267, 78.55755052997972],
              [16.253816952654695, 78.55062658072599],
              [15.940089685678418, 78.4832082290345],
              [15.607566832821055, 78.45770263715704],
              [15.475584029547331, 78.4564971921047],
              [15.473989717125148, 78.45664908391997],
              [15.426160348357307, 78.46120591516231],
              [15.422971724944384, 78.46150970560039],
              [15.3011035922336, 78.49722290044849],
              [15.299745927576089, 78.4979101330897],
              [15.286169271222876, 78.50478245552311],
              [15.283453940902596, 78.50615692055973],
              [15.212131501211882, 78.58310907467762],
              [15.256229061968082, 78.60959772852148],
              [15.271904697227713, 78.61002595787751],
              [15.281310080566357, 78.61028289742534],
              [15.284534207782322, 78.61045911284751],
              [15.373197693762252, 78.61530500652208],
              [15.381258010205402, 78.61574554226131],
              [15.448260306945162, 78.63066380829363],
              [15.478540898083278, 78.6715469349415],
              [15.496347979288538, 78.7332791789323],
              [15.456903458890807, 78.82489776694601],
              [15.45432298821775, 78.8267163368857],
              [15.447871815392986, 78.83126276296454],
              [15.444001111009106, 78.83399061779265],
              [15.442710875941412, 78.83489990285219],
              [15.369611740317803, 78.84654235719412],
              [15.34473542620436, 78.84717425236175],
              [15.343180656764833, 78.8472137451015],
              [15.340314149659045, 78.84703636161476],
              [15.334581137729268, 78.84668159420418],
              [15.333147882495531, 78.84659290317182],
              [15.331714629471948, 78.84650421028039],
              [15.289659785544593, 78.8352519995842],
              [15.198638676582144, 78.7700576789509],
              [15.185933568163506, 78.73048865214372],
              [14.834863329367373, 78.66605567918099],
              [14.838447358535346, 78.67372300836145],
              [14.842345758195462, 78.69866180410739],
              [14.825317382987548, 78.72879791201787],
              [14.811676597982881, 78.7323753360624],
              [14.781363742766526, 78.74032516588578],
              [14.779848099462194, 78.74072265590067],
              [14.717551683461688, 78.73434086814159],
              [14.5285208648922, 78.68797751037513],
              [14.48356252318642, 78.67058224212828],
              [14.538331032641342, 78.54551876371058],
              [14.575427055061189, 78.46640777518435],
              [14.367548992729557, 78.39143973829951],
              [13.866371154572901, 78.21408081042573],
              [13.863274660484041, 78.21334977603485],
              [13.850888685715445, 78.21042563707924],
              [13.849340438237492, 78.21006011905757],
              [13.842951158566539, 78.20951753503033],
              [13.745514617539426, 78.20124311900123],
              [13.74391729749957, 78.20110747226578],
              [13.740722655715308, 78.20083618022296],
              [13.657929420437057, 78.19867706325032],
              [13.08543705829258, 78.21062040417083],
              [12.57289791054206, 78.39790344237653],
              [12.451814269892527, 78.44924316496027],
              [12.383856772534822, 78.48593902585664],
              [12.383265257600065, 78.49025344816734],
              [12.383068085372472, 78.49169158929057],
              [12.40190662068249, 78.49517059447331],
              [12.411325888809628, 78.4969100948175],
              [12.41603552133233, 78.49777984621063],
              [12.417605400268009, 78.49806976404979],
              [12.419216246124714, 78.49814692158944],
              [12.424048783298474, 78.49837839433904],
              [12.499758539708607, 78.50200480382702],
              [12.502980231987358, 78.50215911917563],
              [12.50458691583132, 78.50218963719081],
              [12.645975113154655, 78.50487518398317],
              [12.647586553427633, 78.5048259238408],
              [12.705598396939607, 78.50305258656755],
              [12.71365559756257, 78.50280629054893],
              [12.716878477342453, 78.50270777048577],
              [12.720101357385737, 78.50260925110261],
              [12.723325321545873, 78.50235203349185],
              [12.831396818024215, 78.5310115814277],
              [12.394748458636919, 78.54615891485761],
              [12.13639210190018, 78.59857743835138],
              [11.844397650444332, 78.66684553249637],
              [11.603854235165516, 78.74496394709995],
              [11.597346965344968, 78.75020403795016],
              [11.596426010436044, 78.87447357107222],
              [11.370420623165833, 78.94532371824512],
              [11.357487407726431, 78.9550377991101],
              [11.34097766903829, 78.96748352065435],
              [11.342761420559345, 78.96987304569517],
              [11.34543705042084, 78.97345733485453],
              [11.481032371364488, 78.97806549119373],
              [11.48417592073417, 78.97805214067924],
              [11.515611409362197, 78.97791862398728],
              [11.517183185448005, 78.97791195002733],
              [11.518754959458, 78.97790527361707],
              [11.523594362370318, 78.97761083516444],
              [11.538112569695627, 78.97672752129645],
              [11.539725703380974, 78.97662937394972],
              [11.583280327392027, 78.97397943298986],
              [11.620382414199495, 78.97172207402248],
              [11.649418831352557, 78.96995544510517],
              [11.786794660187637, 78.95576477022223],
              [11.866255443197687, 78.94430457185591],
              [11.984567641812868, 78.92586517169747],
              [12.269555091639905, 78.89564514130038],
              [12.297682762508026, 78.89635467500128],
              [12.300890432331958, 78.89643620001245],
              [12.35221315180392, 78.89774060762869],
              [12.353816986137767, 78.89778137053857],
              [12.467067036771153, 78.90997423289336],
              [12.474409562391152, 78.92497281758186],
              [12.454743384681072, 78.97544097979136],
              [12.453286442928404, 78.97600482858168],
              [12.42706149024713, 78.9861541001846],
              [12.424147605178483, 78.98728179795181],
              [12.421300720394509, 78.98838132844395],
              [12.407066289418287, 78.99387898174177],
              [12.401372517675753, 78.99607804220182],
              [12.399949073515515, 78.9966278077716],
              [12.398338437192287, 78.99678961515943],
              [12.364515065768105, 79.00018755700354],
              [12.36129379171687, 79.00051116778533],
              [12.358113437233012, 79.00057152539014],
              [12.291325972001337, 79.0018390234636],
              [12.289735793346482, 79.00186920027414],
              [12.285011767233604, 79.00114288372681],
              [12.248794237865816, 78.99557444107563],
              [12.242495537328239, 78.99460601709559],
              [12.23931064662254, 78.99169921971047],
              [12.237187386236117, 78.98976135375665],
              [11.99367237124528, 78.99404907184834],
              [11.675157476751437, 79.07505770214456],
              [11.851496696160474, 79.15187003346165],
              [12.045575069539428, 79.20451824618293],
              [12.057161834604706, 79.2212299851891],
              [12.078840256706332, 79.27190704338925],
              [12.013138142307943, 79.29600849716718],
              [11.718931675163347, 79.28509521459392],
              [11.597255047047824, 79.26672598217135],
              [11.646645545934366, 79.24336242659989],
              [11.689936118675183, 79.21756490161228],
              [11.691288949245193, 79.21675872879636],
              [11.692818468696757, 79.21396775811803],
              [11.698936549013176, 79.20280387116142],
              [11.699701309143506, 79.20140838542035],
              [11.681213379379097, 79.17951965298175],
              [11.67268591675822, 79.17260155336432],
              [11.671467707261254, 79.1716132526846],
              [11.667813080797808, 79.1686483530469],
              [11.665376663083702, 79.16667175277684],
              [11.573173473741413, 79.14204969004419],
              [11.435845375653951, 79.11412048422645],
              [11.432735943252075, 79.1138952334971],
              [11.429626509211694, 79.1136699840795],
              [11.404751051717877, 79.11186799381893],
              [11.403196335693991, 79.11175537205912],
              [11.401582480717522, 79.11171913187391],
              [11.325731278714779, 79.1100158695475],
              [11.319275856445666, 79.10987091087974],
              [11.316077041282075, 79.10993041998555],
              [11.256898973249678, 79.1110313427795],
              [11.255299566332024, 79.11106109616085],
              [11.191888808603077, 79.11696624688295],
              [11.18921824817387, 79.11823490663808],
              [11.183877127071248, 79.12077222503878],
              [11.182541846526355, 79.12140655420465],
              [10.780982720463799, 79.50459008287302],
              [10.759169578262183, 79.5631790165165],
              [11.108232498804714, 79.64245128893315],
              [11.363989588376374, 79.77983125548599],
              [11.561340289841567, 79.81272471901327],
              [11.674252510198825, 79.8295211802261],
              [11.790947912251761, 79.84113311868524],
              [11.795734127611913, 79.84094336693147],
              [11.840405464041893, 79.83917236353142],
              [11.84562067548349, 79.83554632101256],
              [11.856051098354044, 79.82829423520182],
              [11.869089127640304, 79.81922912581163],
              [11.870206465885847, 79.81814868600577],
              [12.044811884380527, 79.6944122331303],
              [12.226988791562452, 79.66177368117468],
              [12.23498161934963, 79.66161860502937],
              [12.295727107440452, 79.66044003025897],
              [12.297325672388704, 79.66040901505701],
              [12.30052280439191, 79.66034698488218],
              [12.303585052343383, 79.66079711901348],
              [12.305116175817153, 79.66102218564515],
              [12.317365169290323, 79.66282272379442],
              [12.325020790670797, 79.6639480582802],
              [12.326502935250199, 79.66446031688513],
              [12.332431520632392, 79.66650935531487],
              [12.335395812112552, 79.66753387409642],
              [12.337385178356513, 79.66995638868556],
              [12.353300095755255, 79.68933650419206],
              [12.355289460741105, 79.69175901904705],
              [12.356284142985917, 79.69297027677041],
              [12.353493622724827, 79.69454026683542],
              [12.280940090274253, 79.7353600258252],
              [12.279544829657, 79.73614502002732],
              [12.52659151616515, 79.76234436087358],
              [13.298885417807828, 79.84135170045752],
              [13.743266105713893, 79.87522888299857],
              [13.746126583553481, 79.87534223189067],
              [13.751847541817172, 79.87556893543866],
              [13.753277780511892, 79.87562560869097],
              [13.754841941834899, 79.87568737147139],
              [13.756406104604338, 79.87574913456187],
              [13.786125183731107, 79.8769226080483],
              [13.853043390472173, 79.86795077175849],
              [13.913269155480883, 79.84498102502398],
              [13.950042908593595, 79.81785657363127],
              [13.96150614065833, 79.80042828976322],
              [13.96215879009065, 79.77495750995104],
              [13.885314940919027, 79.73645019472413],
              [13.712886809853861, 79.69310760535484],
              [13.667121843951392, 79.69195878722812],
              [13.3940515023756, 79.70182238204998],
              [13.285340309760876, 79.70574188249786],
              [13.282278442773313, 79.70569152854918],
              [13.27921657561364, 79.70564117480272],
              [13.271561908001026, 79.70551529002388],
              [13.27003097474607, 79.70549011218213],
              [13.253999710473817, 79.70521961636473],
              [13.252396583639307, 79.70519256606617],
              [13.079043201389002, 79.69612625637063],
              [12.561850873699822, 79.58761466405888],
              [12.766227868214497, 79.56184622014742],
              [13.046992514271707, 79.58755202582603],
              [13.183873176507255, 79.59631347725806],
              [13.185480486211027, 79.59631709086604],
              [13.190302414812312, 79.5963279342681],
              [13.267453261535398, 79.59650139909739],
              [13.275489807399133, 79.59651946998704],
              [13.467999457214146, 79.57793426492739],
              [13.471148371223878, 79.57745456677583],
              [13.488467395263509, 79.57481622922818],
              [13.493190764599532, 79.57409668022107],
              [13.493280570189969, 79.56603495263755],
              [13.4932985318021, 79.56442260770837],
              [13.44600358467564, 79.48640031106164],
              [13.823896040183099, 79.39895786319174],
              [13.947230648448365, 79.47677026908947],
              [14.052405493974684, 79.60465785588042],
              [14.236193763556333, 79.68821885815392],
              [14.373326301528987, 79.74870300346105],
              [14.416042270503851, 79.76621546988844],
              [14.418988198158559, 79.76742322455898],
              [14.421934128713643, 79.76863098165477],
              [14.427821181660933, 79.77103193507224],
              [14.482276428696432, 79.79324074602938],
              [14.485219955810058, 79.79444122334732],
              [14.515882173642645, 79.80023320612928],
              [14.51741528476551, 79.80052280423008],
              [14.52201461723849, 79.80139160249838],
              [14.525141922646272, 79.8015548037189],
              [14.556414977223897, 79.80318683206909],
              [14.557978630217322, 79.80326843245678],
              [14.670564651311558, 79.79405975197615],
              [14.673778393482392, 79.7936842388675],
              [14.676992136203296, 79.79330872405338],
              [14.686633364653762, 79.79218217721562],
              [14.734839508806989, 79.78654945301403],
              [14.736446379957247, 79.78636169495576],
              [14.741119516764142, 79.78539052412191],
              [14.742677228774625, 79.7850668017114],
              [14.744234940075193, 79.78474307990088],
              [14.812774264862458, 79.77049926288456],
              [14.826793670788616, 79.76758575609857],
              [14.828332573895525, 79.76712351965806],
              [14.831410375225229, 79.76619904610818],
              [14.871421814341904, 79.75418090606082],
              [14.874482064611756, 79.7532589806589],
              [14.880602560331624, 79.75141512855902],
              [14.905084548764613, 79.74403971906433],
              [14.906614673908829, 79.74357875800335],
              [14.918855666916246, 79.73989105240418],
              [14.92029898509823, 79.73923928277028],
              [14.936175483708528, 79.73206983426961],
              [14.939062118220571, 79.73076629700365],
              [14.99554934923534, 79.70430579375756],
              [15.16389083877151, 79.62245178324986],
              [15.58470535248047, 79.28971862799177],
              [16.172462461177524, 78.97084808180793],
              [16.30230331504131, 78.92576599201719],
              [16.31174329507908, 78.92373731499325],
              [16.314889955788296, 78.92306109109384],
              [16.365236515148705, 78.91224149269826],
              [16.366809845475842, 78.91190338119756],
              [16.371305811998262, 78.91105859803949],
              [16.380297747097732, 78.90936903440542],
              [16.38329505851783, 78.90880584732025],
              [16.388062954653527, 78.90791320723265],
              [16.389652252264945, 78.90761566289832],
              [16.391239378371527, 78.90766419334837],
              [16.446788787856494, 78.90936279186153],
              [16.44995514553574, 78.90952873170609],
              [16.521198193339384, 78.91326236587791],
              [16.52278137252887, 78.91334533722589],
              [16.519774436154, 78.9168400759184],
              [16.507746697564095, 78.9308190371727],
              [16.506744385146526, 78.93198394849423],
              [16.287640480312785, 79.06315071217283],
              [16.005655595340126, 79.28264811983601],
              [15.698407030567248, 79.67989806973218],
              [15.654135703239648, 79.74474334607633],
              [15.641485213552569, 79.77582550042247],
              [15.636671969703556, 79.78946933128967],
              [15.626445293690177, 79.83729553278808],
              [15.631676673613848, 79.84471740669474],
              [15.647728920732083, 79.86322021709869],
              [15.691262903057982, 79.87217765024067],
              [15.692817687906807, 79.87249755840084],
              [15.699266770616548, 79.87267168842426],
              [15.746022617480655, 79.87393412920191],
              [15.921899796493266, 79.93348693880202],
              [15.971728325041687, 80.0000000011183],
              [15.97587807959956, 80.0019747407568],
              [15.977261331825535, 80.00263298970374],
              [15.995243601370893, 80.01119020278266],
              [15.99662685474289, 80.01184845002327],
              [16.039174271546283, 80.02374191431619],
              [16.18315839884438, 80.05966599863449],
              [16.230775833715523, 80.06532287765306],
              [16.26543617308869, 80.06776428263181],
              [16.266961932170073, 80.0676536552695],
              [16.26848769277838, 80.06754302892472],
              [16.282219529709238, 80.06654739485438],
              [16.29921309185715, 80.06390889541251]
            ]
          ],
          [
            [
              [-8.01410579682753, 71.16384124941067],
              [-7.96965892765579, 71.16265869052636],
              [-7.949288613458801, 71.13353821620639],
              [-7.972468852543883, 71.03704833960947],
              [-7.973886410760992, 71.03423055021851],
              [-7.980265417771584, 71.02155049686174],
              [-7.980974196361129, 71.02014160138394],
              [-8.031509374607184, 71.00560018169413],
              [-8.037634849822375, 71.00383758518576],
              [-8.394111633137081, 70.97325134336253],
              [-8.83467647157927, 70.86817278162529],
              [-8.633501734641847, 70.97682298791948],
              [-8.225585678557978, 71.13285550267939],
              [-8.05902290320727, 71.16205596901021],
              [-8.057418721232304, 71.16211972882867],
              [-8.052606173872297, 71.1623110092217],
              [-8.017314162344244, 71.16371372961055],
              [-8.01410579682753, 71.16384124941067]
            ]
          ],
          [
            [
              [19.150642395633223, 74.52061844074305],
              [19.168949127011466, 74.51645202650289],
              [19.18174171483047, 74.51222991828884],
              [19.279308106197345, 74.47780643054293],
              [19.260541131132047, 74.4285682229272],
              [19.180487633601814, 74.37618112530888],
              [19.169173812746294, 74.36899871706092],
              [19.157684655667104, 74.36350934348314],
              [19.114936026831156, 74.34983102775755],
              [19.086658477300187, 74.3457412727996],
              [19.085123897277512, 74.34595394059498],
              [19.065174342122734, 74.34871864215626],
              [19.06210517970696, 74.34914398157193],
              [18.89141225798002, 74.4173107141853],
              [18.838002204583923, 74.44330596731614],
              [18.771565118338252, 74.48513539543171],
              [18.80854988042179, 74.50362396382215],
              [18.81009251641982, 74.5039885398888],
              [18.827061517309616, 74.5079988744271],
              [18.830146790746554, 74.5087280278385],
              [18.86108843399228, 74.5117933475336],
              [18.973157883300942, 74.51583099493506],
              [19.046355928267776, 74.51936907132207],
              [19.09424425616515, 74.5228759775685],
              [19.095743179137727, 74.52322387712036],
              [19.098966470642218, 74.52330068054292],
              [19.140869267413684, 74.52429911377958],
              [19.150642395633223, 74.52061844074305]
            ]
          ],
          [
            [
              [25.234763825578412, 76.56787654403473],
              [25.122206104852314, 76.51546245137177],
              [25.030419742445076, 76.4520645139043],
              [25.0355404938574, 76.44572240615025],
              [24.998172760279036, 76.43628692632839],
              [24.9775340202159, 76.43684659523457],
              [24.97594642638892, 76.4368896480755],
              [24.947330474525838, 76.44094848661344],
              [24.946518579359157, 76.4423192337917],
              [24.94489479068702, 76.44506073018239],
              [24.962426241826698, 76.46231572726685],
              [24.963521956697008, 76.46339416298365],
              [25.001550597409082, 76.4974539186034],
              [25.098014537599507, 76.54546942963492],
              [25.458929062340935, 76.69248199509502],
              [25.46043586835892, 76.69293951274923],
              [25.502626418463066, 76.70575000351798],
              [25.50564003005145, 76.70666503984299],
              [25.540107045264456, 76.71316909957534],
              [25.543240410453144, 76.71376037655092],
              [25.54950713959705, 76.71494293318341],
              [25.551109892091368, 76.71500794801172],
              [25.58316496035888, 76.71630826100862],
              [25.586370467276353, 76.71643829293254],
              [25.587152958701438, 76.71517944341701],
              [25.5879354471068, 76.71392059226126],
              [25.58950042666565, 76.71140289347002],
              [25.234763825578412, 76.56787654403473]
            ]
          ],
          [
            [
              [23.214696611947534, 78.13505445380206],
              [23.185395322044375, 78.1282496880012],
              [23.183853149757958, 78.12789154174577],
              [23.180925277327233, 78.12691497844983],
              [23.157502310347727, 78.11910247883354],
              [23.15311050424406, 78.1176376353577],
              [23.15179172312254, 78.11673897387426],
              [23.128053666696, 78.10056304974793],
              [23.12808227577465, 78.09899902305216],
              [23.128110885367743, 78.09743499711301],
              [23.12813949547343, 78.09587097192207],
              [23.12828254763015, 78.08805084306195],
              [23.133207320452126, 78.05870819177129],
              [23.302281400756566, 77.97965629827172],
              [23.413600921573337, 77.93976593188493],
              [23.560214180761346, 77.89007268644771],
              [23.745927175537204, 77.84753078795929],
              [23.87335040020478, 77.86405049988144],
              [23.882884428356387, 77.86560777524488],
              [23.884473432793712, 77.86586732300897],
              [23.8876514423328, 77.86638641365175],
              [23.890811422681967, 77.86662690594437],
              [23.89397140117937, 77.86686739749629],
              [23.949271036760276, 77.87107600414555],
              [23.960330962614222, 77.87191772393624],
              [23.963522068628972, 77.87211519264152],
              [24.040108624114293, 77.8768543930362],
              [24.041704176255134, 77.87695312391016],
              [24.043282329746074, 77.87677812602284],
              [24.089048743390762, 77.87170314789478],
              [24.092205048395815, 77.87135314775752],
              [24.288095474230943, 77.84526061913694],
              [24.32980418253024, 77.82192707182347],
              [24.19901774666169, 77.64619954312032],
              [23.313999177109185, 77.4027175902971],
              [22.915769576381628, 77.29495239357678],
              [22.68182945277573, 77.24063873362341],
              [22.678637256971143, 77.24114481538213],
              [22.675445061903147, 77.24165089990495],
              [22.597236281564218, 77.25404993737736],
              [22.59564018237879, 77.25430297802323],
              [22.581503903707354, 77.26092359790944],
              [22.557472228612856, 77.27217865174174],
              [22.555517831423135, 77.27419281008484],
              [22.554540633116623, 77.27519988970928],
              [22.552825292197344, 77.27696990974366],
              [22.55196762099459, 77.277854918384],
              [22.55564286928809, 77.29086727563273],
              [22.567770345742577, 77.29835510238128],
              [22.59659767392278, 77.30893707464242],
              [22.61818267265081, 77.31505626046162],
              [22.683685303708106, 77.39179229787315],
              [22.747081100581564, 77.49555587817653],
              [22.66302261415334, 77.56992797744877],
              [22.636455535566242, 77.58056640635121],
              [22.52176507341992, 77.61258061717936],
              [22.44548404139504, 77.6151018132809],
              [22.020874023045746, 77.52667999374884],
              [21.120321274586185, 77.44691467287151],
              [21.027727126280034, 77.44409942540209],
              [20.899207896558185, 77.44339821396446],
              [20.85935020488274, 77.48704528888995],
              [20.84502410969821, 77.538513184008],
              [20.891772050349747, 77.5720754766225],
              [20.913808824620595, 77.587654113474],
              [20.949549277025554, 77.59250163941672],
              [20.95110321044846, 77.59271240129024],
              [20.95429039050071, 77.59265899602457],
              [20.959071158438718, 77.59257888846835],
              [20.96066474852729, 77.59255218604086],
              [21.18937650011463, 77.65413466763455],
              [21.553371429885274, 77.90947723470052],
              [21.552794773962862, 77.91095352178688],
              [21.55221811903914, 77.91242980925318],
              [21.549911497125237, 77.91833496077811],
              [21.54815626011435, 77.9210548390815],
              [21.54464578630798, 77.92649459901489],
              [21.542890547445538, 77.9292144784509],
              [21.536798477298195, 77.93068695151192],
              [21.533752441238786, 77.93142318594417],
              [21.53222942404073, 77.93179130406159],
              [21.530706405016765, 77.93215942201968],
              [21.525986989873832, 77.93330001825481],
              [21.477219688573243, 77.94508616276373],
              [21.47564654994068, 77.94546636009288],
              [21.474073411821266, 77.94584655786534],
              [21.467745935702133, 77.94680343126498],
              [21.464582197710403, 77.94728186902175],
              [21.426617346274455, 77.95302311093678],
              [21.42503547615176, 77.95326232832358],
              [21.176097379086816, 77.98651864206066],
              [20.80629157979548, 78.0805206296279],
              [20.811760584479437, 78.09475707970184],
              [20.81802558971841, 78.10703362239289],
              [20.82458877526478, 78.11437988352569],
              [20.82740167463304, 78.11555950537227],
              [20.835840371624077, 78.1190983699553],
              [20.837246821406325, 78.11968818000676],
              [20.842872619132653, 78.12204742369313],
              [20.9359111796413, 78.13459806004944],
              [21.09792603242303, 78.15600077086935],
              [21.369057165806222, 78.18582751367069],
              [21.715946359249216, 78.21481731626436],
              [22.575342636403406, 78.23037170426377],
              [22.791270419679893, 78.25238911761635],
              [22.929166272432006, 78.24073721941605],
              [22.941824998677724, 78.2381910838225],
              [23.214696611947534, 78.13505445380206]
            ]
          ],
          [
            [
              [21.468523842489546, 78.59647042365788],
              [21.493756792049936, 78.60837202042661],
              [21.639186858671057, 78.62122344987542],
              [21.640802111542357, 78.6212417619468],
              [21.692490169270194, 78.62182769861381],
              [21.69572067218626, 78.6218643195672],
              [21.89995384333321, 78.58901214506679],
              [21.9030343588444, 78.58836130100958],
              [21.918436930816632, 78.58510706934774],
              [21.938460276468707, 78.5808765690682],
              [21.94000053439589, 78.58055114788374],
              [21.942970813942143, 78.57928153789656],
              [21.996435850795994, 78.55642856855168],
              [21.99792098900528, 78.55579376209322],
              [22.138775348303994, 78.45230388768906],
              [22.187042235727315, 78.40325927648404],
              [22.18804754406955, 78.40204456836823],
              [22.19106347160449, 78.39840044327084],
              [22.200111254222904, 78.38746806735284],
              [22.20111656225927, 78.38625335851103],
              [22.20184040145352, 78.38312816651302],
              [22.206545353275754, 78.3628144267562],
              [22.206907272565783, 78.36125183207052],
              [22.198004404645957, 78.34662119640899],
              [22.197195053013925, 78.34529113891283],
              [22.13220024238275, 78.28295135592664],
              [22.075057983003664, 78.26790618784726],
              [22.05209255130857, 78.26336860508584],
              [22.04903049379842, 78.26276359452851],
              [22.044437408462873, 78.2618560801347],
              [20.9901930092245, 78.2131628990276],
              [20.8172950738153, 78.23406982485919],
              [20.677274804474465, 78.31259596988154],
              [20.307336938945657, 78.47033112581275],
              [20.830031002457968, 78.55058946791775],
              [21.103654862254213, 78.59653218617295],
              [21.37926514182073, 78.60163826136079],
              [21.468523842489546, 78.59647042365788]
            ]
          ],
          [
            [
              [26.954398407463607, 78.70018888866217],
              [26.986559479753495, 78.69171057726759],
              [26.948131560770147, 78.66816711504683],
              [26.94514320063303, 78.66705322265838],
              [26.924224671943104, 78.65925598019186],
              [26.9167537697728, 78.65647125165911],
              [26.915206529674183, 78.65609802255838],
              [26.913659287314584, 78.6557247913862],
              [26.902828599144577, 78.65311218229203],
              [26.885808944269762, 78.6490066522938],
              [26.865233231914782, 78.6466995244828],
              [26.72474098252553, 78.64026641685543],
              [26.492338327492877, 78.69959435205314],
              [26.467401504583393, 78.71367645325468],
              [26.42803573665839, 78.7402725222627],
              [26.42574528271057, 78.74250757099274],
              [26.405131203312134, 78.76262301542289],
              [26.40398597541643, 78.76374054056109],
              [26.399651685719686, 78.77964401293967],
              [26.399257660259074, 78.781089784016],
              [26.401417286798992, 78.78334503233945],
              [26.415454864930577, 78.79800415056545],
              [26.502679825441223, 78.81735992374693],
              [26.504256862245903, 78.81731087918354],
              [26.508987971857103, 78.81716373926284],
              [26.53895166913621, 78.8162318628124],
              [26.546836853769516, 78.81598663265856],
              [26.604742622111083, 78.80537948677939],
              [26.676983995439898, 78.76098242050564],
              [26.954398407463607, 78.70018888866217]
            ]
          ],
          [
            [
              [10.960113525543438, 78.77461242805279],
              [10.981640219587218, 78.77203559881312],
              [11.100753136623277, 78.67606571848184],
              [11.270034789177036, 78.58158874489698],
              [11.628417014974648, 78.46154022214081],
              [11.63154538559078, 78.46089986131821],
              [11.67377837458623, 78.45225499486286],
              [11.675342559169271, 78.45193481488815],
              [11.789776578933484, 78.44717218878752],
              [11.799447060449706, 78.4467697132543],
              [11.95244312269001, 78.36315272399038],
              [12.041506132094323, 78.31064351435776],
              [12.15048217834641, 78.22770690786764],
              [12.142850027159474, 78.21788575823554],
              [12.130066030278282, 78.20899873604137],
              [12.084677624199296, 78.21157497847825],
              [11.923596381399626, 78.22546386731372],
              [11.877255059790656, 78.23145980724699],
              [11.87565708144253, 78.23166656464012],
              [11.874179489820442, 78.23214400360908],
              [11.853493189336096, 78.23882815606052],
              [11.847582816148098, 78.24073791339347],
              [11.788536453412394, 78.27638397084743],
              [11.20762940829769, 78.44592230679494],
              [10.960270837231029, 78.55867489888398],
              [10.538508959868741, 78.7755050648346],
              [10.506031990222233, 78.79975128256004],
              [10.49834060741712, 78.88533020017267],
              [10.57190847502847, 78.89873123361573],
              [10.730302604386821, 78.88792087771985],
              [10.851322172269901, 78.87245178237768],
              [10.852883757346781, 78.87207465081941],
              [10.854445342538144, 78.87169752231117],
              [10.85600692785567, 78.87132039198349],
              [10.901292888785663, 78.86038361899605],
              [11.005919072437607, 78.83511590595856],
              [11.009042240867608, 78.83436164473716],
              [11.02153492009454, 78.83134460445213],
              [11.016089227378247, 78.82854037916334],
              [11.010643534930702, 78.8257361509534],
              [11.009282111375216, 78.82503509677483],
              [11.003032184275984, 78.82491157314466],
              [11.001469702906846, 78.82488068998342],
              [10.963644247202206, 78.81870856710665],
              [10.940571366793273, 78.81331481968625],
              [10.90579211778685, 78.80065870197059],
              [10.93881282831043, 78.78302642835075],
              [10.960113525543438, 78.77461242805279]
            ]
          ],
          [
            [
              [28.52930068893432, 78.95521545297909],
              [28.532434127120744, 78.95594069429002],
              [28.65197478471189, 78.96120537771522],
              [28.920478819892324, 78.95241061000849],
              [29.555411604213347, 78.91127692296054],
              [29.552280247214213, 78.88819932997272],
              [29.325781796760655, 78.84686142282737],
              [29.194032668106736, 78.8557052607391],
              [29.181353914553064, 78.85684285251769],
              [29.13063889492609, 78.86139321908215],
              [29.129054049405113, 78.86153541637304],
              [29.121129826455977, 78.86224641271934],
              [29.119544983468426, 78.86238861153427],
              [29.073011671417913, 78.86979675238823],
              [29.026617475720514, 78.88212458298042],
              [28.980227576914334, 78.89583841891722],
              [28.95548629905946, 78.90315246621257],
              [28.932087422859556, 78.90615081804869],
              [28.930527496526217, 78.9063507072799],
              [28.924287796178405, 78.90715026899048],
              [28.92268900689443, 78.90717620909047],
              [28.913096263688526, 78.90733184828221],
              [28.825162785586603, 78.90875854320915],
              [28.80437850914571, 78.90909576403826],
              [28.797967637676294, 78.90878622697012],
              [28.76431056405968, 78.9071611678785],
              [28.759502410910006, 78.90692901489705],
              [28.514464502603463, 78.89239966404622],
              [28.177136730179104, 78.84405714504499],
              [28.231077929885917, 78.91266805948456],
              [28.52930068893432, 78.95521545297909]
            ]
          ],
          [
            [
              [30.23367118714216, 79.00433349387184],
              [30.255949020344037, 79.00451660258187],
              [30.260722840486956, 79.00455583995792],
              [30.278226852655994, 79.00469970885051],
              [30.285889906326435, 79.0039883792439],
              [30.30121601419022, 79.00256572147012],
              [30.30428123554443, 79.00228118916185],
              [30.339742662039843, 78.99283600035898],
              [30.335897447293693, 78.99093627843142],
              [30.33461570816123, 78.99030303879015],
              [30.20720481950672, 78.96693420574806],
              [30.205596583709994, 78.9669538241057],
              [30.16217422573309, 78.96748352065435],
              [30.139326730344667, 78.97051662872923],
              [30.12451267269926, 78.97491836676215],
              [30.075912476670428, 78.99890899753333],
              [30.076634724534152, 79.00011444082891],
              [30.078801472942644, 79.00373077513841],
              [30.080245972697195, 79.00614166349068],
              [30.083379599299864, 79.0061428363258],
              [30.23367118714216, 79.00433349387184]
            ]
          ],
          [
            [
              [20.417388097589033, 79.11442184479688],
              [20.469838673641465, 79.11255561028217],
              [20.666254043903194, 79.09059143193076],
              [20.67583601883697, 79.08918187580716],
              [20.786028725349272, 79.07297198754071],
              [20.789222717212233, 79.0725021361549],
              [20.790594483603787, 79.07173996074043],
              [20.796081543669715, 79.0686912537413],
              [20.801568604506777, 79.06564254852108],
              [20.80294036887439, 79.06488037148243],
              [20.801553278989417, 79.06417308210963],
              [20.80016618689376, 79.06346579039828],
              [20.7835210915223, 79.05497831456849],
              [20.779359817712386, 79.05285644465651],
              [20.68643760744599, 79.03115081848321],
              [20.63480186497799, 79.02636210191446],
              [20.39212036087982, 79.00621795699338],
              [20.388897001536108, 79.00615835119775],
              [20.290584536335352, 79.00434040948056],
              [20.288972856697246, 79.00431060822297],
              [20.152776716230843, 79.02656555120713],
              [20.0934103959635, 79.04291343717165],
              [20.07556800811449, 79.08086547795453],
              [20.096092222730928, 79.11914062565155],
              [20.09879493542702, 79.12019157408363],
              [20.10555171908961, 79.12281894683272],
              [20.106903076693698, 79.12334442131721],
              [20.108468421602712, 79.12337787291362],
              [20.147602082625948, 79.12421417265837],
              [20.417388097589033, 79.11442184479688]
            ]
          ],
          [
            [
              [20.041046143570927, 79.30429077215356],
              [20.051865729475363, 79.30130004944542],
              [20.098712400560906, 79.28795554493963],
              [20.120544433933905, 79.27551269413772],
              [20.128191842619717, 79.26886664377746],
              [20.129284330271027, 79.26791720968902],
              [20.130376817287292, 79.26696777386417],
              [20.12865448104526, 79.2645212810364],
              [20.127793312793063, 79.26329803584372],
              [20.12520980774436, 79.2596282950694],
              [20.100316917731952, 79.24557661097627],
              [19.994298935403453, 79.22914886432477],
              [19.977008328498336, 79.23068346258583],
              [19.951858357912307, 79.23291560623113],
              [19.947142736908642, 79.23333413324899],
              [19.94085524336113, 79.233892168218],
              [19.93928337183707, 79.23403167689104],
              [19.936396339621314, 79.23549097272594],
              [19.92773524292451, 79.23986885689463],
              [19.924848210905232, 79.24132815219912],
              [19.923404695842404, 79.24205780027764],
              [19.979885788492417, 79.29488616965668],
              [19.99313354552685, 79.30083465688458],
              [19.997253418208278, 79.3014251710065],
              [19.998626708407095, 79.30162200992723],
              [20.000000000198792, 79.30181884677405],
              [20.001541518607635, 79.30203933801889],
              [20.012332153342264, 79.30358276487698],
              [20.01541519140589, 79.30402374501794],
              [20.020220995681374, 79.30407381093453],
              [20.037842274733926, 79.30425739346423],
              [20.041046143570927, 79.30429077215356]
            ]
          ],
          [
            [
              [19.813307905429344, 79.39966837622543],
              [19.936532973495826, 79.38421630895235],
              [19.938119649099875, 79.38394374872684],
              [19.942879677923155, 79.38312606945404],
              [19.99206662156807, 79.37467670628497],
              [20.000000000438423, 79.37331390484498],
              [20.003047742452576, 79.37279028677519],
              [20.02742968019935, 79.36860134736571],
              [20.028953550514416, 79.36833953949784],
              [20.15038490263098, 79.3406677256042],
              [20.151649157085014, 79.33984629298358],
              [20.156706173071992, 79.33656056726257],
              [20.157970426426985, 79.33573913575492],
              [20.155432063322447, 79.33393096910225],
              [20.14400943139308, 79.32579421858014],
              [20.142740249710037, 79.32489013532116],
              [20.141245366263632, 79.32476107237268],
              [20.13975048025434, 79.324632008179],
              [20.124801635287067, 79.32334137078968],
              [20.123251293728107, 79.32353376243587],
              [20.095345125128443, 79.32699684507244],
              [20.0922444384318, 79.3273816329353],
              [20.0891437548361, 79.32776641952398],
              [19.771888298797116, 79.3415137195078],
              [19.762340284956352, 79.34047646838891],
              [19.7527922719222, 79.33943921896183],
              [19.74960959973703, 79.33909346812767],
              [19.748018263185745, 79.33892059236071],
              [19.746455418156458, 79.3388704559926],
              [19.74332972887269, 79.33877018383379],
              [19.721449897655866, 79.33806828010442],
              [19.71519851525409, 79.33786773626595],
              [19.711971644794623, 79.33806973466544],
              [19.682929809215494, 79.33988770703465],
              [19.681316375514875, 79.33998870633538],
              [19.67506790074145, 79.34151204266543],
              [19.673505782920003, 79.34189287803578],
              [19.66257095282978, 79.34455871636577],
              [19.64482021285388, 79.35698700010866],
              [19.640501498689137, 79.36222839367416],
              [19.62884044570193, 79.3959329383843],
              [19.628440269642983, 79.40241241505493],
              [19.64711379937239, 79.41175842360363],
              [19.651776487453976, 79.4119363263157],
              [19.678198381617, 79.4129444464093],
              [19.679752610815758, 79.41300374824418],
              [19.681306839225005, 79.41306304781506],
              [19.687494625089116, 79.41271903396299],
              [19.6890415704442, 79.41263302812405],
              [19.71533966058236, 79.41117095788553],
              [19.813307905429344, 79.39966837622543]
            ]
          ],
          [
            [
              [10.868935585459381, 79.72337784865682],
              [10.944924008516198, 79.7207336414162],
              [11.068174309535566, 79.6877962756056],
              [11.055752855513754, 79.66537636230962],
              [10.90030062184766, 79.64860057837501],
              [10.826153326390187, 79.64864463775663],
              [10.788960457019668, 79.65051523727753],
              [10.760887861100455, 79.660854337911],
              [10.758486985426545, 79.66700554026191],
              [10.76395196854946, 79.68441848615298],
              [10.792938398447273, 79.71711067378553],
              [10.868935585459381, 79.72337784865682]
            ]
          ],
          [
            [
              [10.792690276712442, 79.78347015352227],
              [10.884033907374858, 79.7717683220906],
              [11.007641185116109, 79.74251036223534],
              [11.01149335031264, 79.7326282011695],
              [10.812281609559431, 79.73938751199971],
              [10.759180864663826, 79.741821288327],
              [10.757571750158021, 79.7418950407731],
              [10.754353523440592, 79.74204254176826],
              [10.75275661781789, 79.74223431648191],
              [10.751159710875783, 79.74242609153883],
              [10.690477285307153, 79.74971355096116],
              [10.684089661567779, 79.7504806521986],
              [10.665135955237437, 79.75402679479646],
              [10.661977003515224, 79.75461781805888],
              [10.660397529098104, 79.7549133310785],
              [10.664873599463245, 79.75648040681119],
              [10.702174186849504, 79.76953938753093],
              [10.705158234075524, 79.7705841069026],
              [10.755147933935346, 79.77993774381173],
              [10.756712198243282, 79.78008492589133],
              [10.758276463117001, 79.78023210971308],
              [10.786433220765366, 79.7828814189086],
              [10.792690276712442, 79.78347015352227]
            ]
          ],
          [
            [
              [28.04361820161385, 80.04452323845436],
              [27.910761286063316, 80.06167965070661],
              [27.809746552653646, 80.08772125250185],
              [27.702795030308792, 80.16822052114453],
              [27.7025988451413, 80.16979108517899],
              [27.701814106820166, 80.17607334724838],
              [27.701421737291668, 80.17921447606649],
              [27.704188740486973, 80.18075382130039],
              [27.7235577525942, 80.19152921783335],
              [27.724941253596455, 80.19229889003614],
              [27.729566574606643, 80.1937465677363],
              [27.738817214113116, 80.1966419217019],
              [27.740358988240047, 80.19712448061388],
              [27.74344253438322, 80.19808959798442],
              [27.825005180130706, 80.21144425203317],
              [27.97683485600323, 80.20046576330807],
              [28.06992425917638, 80.18415470016569],
              [28.289554596831064, 80.14308929394575],
              [28.295516059787875, 80.14148784667744],
              [28.31936191356693, 80.13508206280298],
              [28.32085228036966, 80.13468170162633],
              [28.323879241100805, 80.1338668818283],
              [28.348094941245577, 80.1273483269684],
              [28.349608422296487, 80.1269409159209],
              [28.3511219038129, 80.12653350802823],
              [28.35618096915098, 80.12040597305284],
              [28.376417231512384, 80.09589583862035],
              [28.378440858058237, 80.09344482358973],
              [28.376316708077695, 80.09139251793461],
              [28.372068404772964, 80.08728790253049],
              [28.369019698820487, 80.08678232905365],
              [28.35682487378797, 80.08476002867363],
              [28.3507274634457, 80.08374888048256],
              [28.349203110111624, 80.08349609336375],
              [28.34441411134446, 80.08306912954072],
              [28.285349785783147, 80.07780324577023],
              [28.207587507306812, 80.06874053980052],
              [28.111972264363853, 80.04959171881075],
              [28.04361820161385, 80.04452323845436]
            ]
          ],
          [
            [
              [33.150959015025144, 80.30252075393079],
              [33.15254076529502, 80.30224738503166],
              [33.155704264562885, 80.30170065276926],
              [33.15886776347105, 80.30115391880321],
              [33.2537727370728, 80.28475189287605],
              [33.2552731853505, 80.2844916463597],
              [33.25977452694436, 80.28371090337498],
              [33.26727676421, 80.28240966721717],
              [33.47478866747149, 80.23819732498572],
              [33.47617149518715, 80.23753293370339],
              [33.47755432345179, 80.23686853920631],
              [33.48585128902845, 80.23288218055725],
              [33.491382600085366, 80.23022460696563],
              [33.47595628103356, 80.20281219278823],
              [33.456099954137095, 80.18048807726373],
              [33.38455835959131, 80.15179125377512],
              [33.3436539604658, 80.14705702704748],
              [32.83666674206664, 80.12358220406692],
              [32.06414032023304, 80.0725860597652],
              [32.049744750045626, 80.07132094024931],
              [31.950575266394907, 80.06260566191264],
              [31.948975758652583, 80.06246509418459],
              [31.947376250160527, 80.06232452275668],
              [31.72974395785128, 80.04916381696354],
              [31.721789341604445, 80.0490781818588],
              [31.654970558132575, 80.04835883791577],
              [31.651788712181904, 80.04832458502109],
              [31.566080092820776, 80.0593490578228],
              [31.564581170721926, 80.05981852026184],
              [31.563082249098276, 80.06028798231563],
              [31.558585484483828, 80.061696368839],
              [31.464083195456002, 80.09745597981951],
              [31.457654953711685, 80.1077651981085],
              [31.47546195969677, 80.13757324257747],
              [31.47678947491143, 80.13849327907506],
              [31.495374678960466, 80.15137377785206],
              [31.5020122512573, 80.15597395398459],
              [31.504667281991203, 80.15781402634774],
              [31.51078319548411, 80.15992927723796],
              [31.523015022331894, 80.16415977623488],
              [31.52760195772429, 80.16574621277267],
              [31.529130935745858, 80.16627502439437],
              [31.53352546720532, 80.16779480007452],
              [31.53645515465771, 80.1688079840261],
              [31.543779373493074, 80.17134094180877],
              [31.61120033175501, 80.1898880001826],
              [31.612768680533293, 80.19016723643198],
              [31.615905380137704, 80.19072570706422],
              [31.625315475489607, 80.19240112293058],
              [31.634725571254442, 80.19407653801258],
              [31.964473500720683, 80.23226375366681],
              [32.06040191791389, 80.24789428908964],
              [32.173345838930146, 80.27447291681578],
              [32.39818573087101, 80.29728698771662],
              [32.40292907754494, 80.29761108583519],
              [32.43455139200705, 80.29977172863768],
              [32.43613250575977, 80.29987975966878],
              [32.43771362210408, 80.29998779169718],
              [32.60290215201294, 80.31098036291698],
              [32.837627411066116, 80.32389831562301],
              [32.84403818292349, 80.32402454687757],
              [32.85205164781302, 80.32418233786609],
              [32.853654341386225, 80.32421389631985],
              [32.855257033928815, 80.32424545212855],
              [32.872886658239324, 80.32459259076995],
              [32.87450154644908, 80.32455571495639],
              [32.921333313944565, 80.32348632882945],
              [32.93102264473653, 80.3232650748286],
              [32.932619842267606, 80.3231685481535],
              [32.96136939139994, 80.321431035258],
              [32.96456378611656, 80.3212379802828],
              [32.96775818075085, 80.32104492304106],
              [32.97097223059062, 80.32071993709549],
              [33.14935198956617, 80.30268324501554],
              [33.150959015025144, 80.30252075393079]
            ]
          ],
          [
            [
              [18.342070770152432, 80.37309799215932],
              [18.358200072199658, 80.37261962899845],
              [18.404824802774666, 80.37057059119485],
              [18.477032927936126, 80.36023574815643],
              [18.532086182515382, 80.35130005060584],
              [18.556353112259412, 80.33599753902368],
              [18.501475848748065, 80.30686246240457],
              [18.695171355672986, 80.305582681701],
              [18.6837668697698, 80.29024729903118],
              [18.597284316605013, 80.26383209287509],
              [18.59264976157287, 80.26311894437697],
              [18.56793212952288, 80.25931549121378],
              [18.564739735440487, 80.25910390136013],
              [18.534412002775543, 80.25709381112803],
              [18.528027215719064, 80.25667063371364],
              [18.521642429494253, 80.25624745794907],
              [18.52004623329291, 80.25614166299327],
              [18.430270767668738, 80.25125274622121],
              [18.385347748397116, 80.2490447989865],
              [18.10190367869913, 80.28611946031582],
              [18.08209101481171, 80.31007131127546],
              [18.084489821631042, 80.34010314816186],
              [18.085190453730572, 80.34278361063],
              [18.08554077059424, 80.3441238408198],
              [18.087079752719113, 80.344525089043],
              [18.168645859677056, 80.36579131865194],
              [18.309997558372842, 80.37782287468357],
              [18.311542511481715, 80.37787373935657],
              [18.319267272947716, 80.37812805235338],
              [18.342070770152432, 80.37309799215932]
            ]
          ],
          [
            [
              [24.339607239015148, 80.38156127795367],
              [24.295414833406166, 80.37209295468325],
              [24.292258233481572, 80.37141664509404],
              [24.290679933769418, 80.37107849137469],
              [24.280414341516916, 80.37210655354862],
              [24.278947828519332, 80.37225341956824],
              [24.169764926629984, 80.38326568663457],
              [24.166601452294792, 80.38345489454017],
              [24.163437979284886, 80.38364410279135],
              [24.11598586925727, 80.38648223784992],
              [24.114424799481732, 80.38670349038759],
              [24.091008758680935, 80.39002227783219],
              [24.087886620257777, 80.39046478239705],
              [24.08476448042494, 80.39090728740045],
              [24.082280568461158, 80.39217594549179],
              [24.07731274240191, 80.39471326415523],
              [24.07607078652047, 80.39534759491485],
              [24.150213241625664, 80.43324279589255],
              [24.151739232172094, 80.43359689095743],
              [24.17310310887221, 80.43855420194974],
              [24.176155091231497, 80.43926238783807],
              [24.18257242965995, 80.43996836413861],
              [24.198615774771824, 80.44173329719476],
              [24.20022010808671, 80.44190978994536],
              [24.20181304557321, 80.4418258682509],
              [24.230485915608213, 80.44031524727853],
              [24.233577591189253, 80.43984167985334],
              [24.270677703669566, 80.43415887122897],
              [24.2722235407577, 80.43392208488726],
              [24.273769378587204, 80.43368530065804],
              [24.35788536188261, 80.39821624781621],
              [24.356742979267185, 80.3971753122781],
              [24.354458213849583, 80.39509344196917],
              [24.339607239015148, 80.38156127795367]
            ]
          ],
          [
            [
              [23.00001716694064, 80.45039939944604],
              [23.050939852079928, 80.45573307777943],
              [23.13242530747649, 80.45444488507576],
              [23.13562243729136, 80.45420828268567],
              [23.138819568257826, 80.45397167964624],
              [23.26350763607109, 80.44474415679261],
              [23.26510620110031, 80.4446258540886],
              [23.266643196977558, 80.44416263976598],
              [23.268180193021713, 80.44369942754588],
              [23.314290073031863, 80.42980303017254],
              [23.31890106199976, 80.42841339073179],
              [23.319954872101267, 80.42727565710247],
              [23.324170112528222, 80.42272472449511],
              [23.326277731136756, 80.42044925569645],
              [23.32733154207745, 80.41931152306735],
              [23.32640933981843, 80.4181327809176],
              [23.32548713629597, 80.41695404083032],
              [23.18399249254447, 80.2553134510187],
              [23.11750403447089, 80.14774045117792],
              [23.506063458978943, 80.12441062879545],
              [23.944696744099712, 80.27264849287991],
              [24.409004210764927, 80.31174468787859],
              [24.568631235745983, 80.32002970533588],
              [24.846030425387358, 80.2901758819561],
              [25.55244489612614, 80.2101352382848],
              [26.008752822162858, 80.16901016284163],
              [26.05281257610033, 80.17902374204583],
              [26.080311077017267, 80.17991723092945],
              [26.10942713451648, 80.18086327544664],
              [26.12236760492145, 80.18128373840504],
              [26.125602722406587, 80.18138885444895],
              [26.291117437939242, 80.17945204225667],
              [26.39351267668747, 80.17701781545291],
              [26.750635147561557, 80.1616745008936],
              [26.75534390019942, 80.16136322224537],
              [26.802431433971247, 80.15825042859755],
              [26.804001018612293, 80.15814666928055],
              [26.805570602686945, 80.15804290817601],
              [26.815080989528095, 80.15705108640347],
              [26.818251118316436, 80.1567204795653],
              [26.85629266676597, 80.15275319497334],
              [26.857877730817773, 80.15258789221255],
              [26.860954664382707, 80.15206481994582],
              [26.89480095017354, 80.14631103696148],
              [26.896339417576698, 80.14604950123974],
              [27.185218810879558, 80.07889834169134],
              [27.04153315384037, 79.93991724722525],
              [26.942482574229203, 79.85756625481189],
              [26.327825121456723, 79.7184617789041],
              [26.120952258883012, 79.68265672225282],
              [25.813625336438978, 79.4861984247848],
              [25.746589185881803, 79.43979419498598],
              [25.59762627665779, 79.4091273726895],
              [25.475351078658605, 79.389262390965],
              [25.12832920584012, 79.3341220776012],
              [25.102227508822445, 79.33313341305116],
              [24.93165397544956, 79.34111785953239],
              [24.93008766191009, 79.34132283569737],
              [24.890929794713603, 79.34644724407984],
              [24.887797165174316, 79.34685719799474],
              [24.884664536262523, 79.34726715217339],
              [24.883366266778864, 79.34822082539235],
              [24.880769729764204, 79.35012817404228],
              [24.876874923959154, 79.35298919501142],
              [24.693689824261984, 79.3709561820654],
              [24.205277049798635, 79.29047483422266],
              [24.0426826488, 79.23144531235795],
              [23.634822846007022, 79.22181701680103],
              [23.32011985855926, 79.24568939098025],
              [23.0629329668022, 79.27013397070458],
              [22.87073707640558, 79.29014587319605],
              [22.869154034397674, 79.2904452432169],
              [22.767839318498567, 79.3096048152937],
              [22.764673234090974, 79.31020355292218],
              [22.655178071149987, 79.33953857602341],
              [22.654069264070124, 79.34408060758655],
              [22.65369966339185, 79.34559461951875],
              [22.65185165337724, 79.353164675029],
              [22.656312284961103, 79.35503045654085],
              [22.69199733136504, 79.36995670852963],
              [22.693484207470988, 79.37057863386009],
              [22.694971085514144, 79.37120056110439],
              [22.699615409897298, 79.37228587873938],
              [22.72593324812155, 79.37843600288126],
              [22.780117034417483, 79.39109802184294],
              [22.783158683597524, 79.3916961650661],
              [22.747133254348782, 79.40359833308891],
              [22.25904655573528, 79.38944244295469],
              [22.254234570214795, 79.38905792186665],
              [22.190074750749787, 79.3839309707487],
              [22.18847075585754, 79.38380279701457],
              [22.186866760509, 79.38367462201454],
              [21.945500794753443, 79.35837375398084],
              [21.736300260818183, 79.35904527716067],
              [21.214127760970996, 79.36600869784681],
              [20.7753107292526, 79.3855260205793],
              [20.1019374765412, 79.46403389687194],
              [20.027809959065237, 79.47865622298097],
              [19.700569152691326, 79.55780792200196],
              [19.69307620613992, 79.5599558892104],
              [19.663104423746375, 79.56854776166078],
              [19.661605834474514, 79.56897735576223],
              [19.660368203491327, 79.56997807785864],
              [19.631902693804953, 79.59299469040651],
              [19.630814984878935, 79.59414118029585],
              [19.629727276374805, 79.59528767083681],
              [19.623201022965766, 79.60216660998675],
              [19.61993789631184, 79.60560607967889],
              [19.63982828966204, 79.61209375876565],
              [19.641358319001085, 79.61259280970106],
              [19.645948410675533, 79.61408996711889],
              [19.64907674497932, 79.61476530990427],
              [19.681924254092916, 79.62185640892712],
              [19.686616756544986, 79.62286942148668],
              [19.688180923149616, 79.6232070931739],
              [20.001558303479978, 79.63414046430314],
              [20.133802415301044, 79.63011932287512],
              [20.13536954027222, 79.63002061840467],
              [20.18081617434234, 79.62715816281468],
              [20.18395042524063, 79.62696075186486],
              [20.185546407043578, 79.62679132210472],
              [20.18873837418232, 79.62645246423487],
              [20.190334357393535, 79.62628303354701],
              [20.260557606644937, 79.61882810695752],
              [20.26853752078714, 79.61798095812117],
              [20.269602584259694, 79.61680984476125],
              [20.271732711813133, 79.61446762086652],
              [20.273862838502176, 79.61212539727498],
              [20.558857334835015, 79.57065031162294],
              [21.051873484720755, 79.54316982254903],
              [21.106407801106236, 79.54360707646934],
              [21.194377899664566, 79.55070495479141],
              [21.22426350920042, 79.55357439026378],
              [21.25572204615682, 79.55659484847611],
              [21.248208559743567, 79.5587413496303],
              [21.2211600082319, 79.56646875222921],
              [21.219657312375755, 79.56689805296493],
              [21.216651918034138, 79.56775665422244],
              [20.994064414047966, 79.59248153290751],
              [20.837856664388234, 79.60669280439934],
              [20.733679218474666, 79.61305799107866],
              [20.661810284273315, 79.61423238149321],
              [20.632626914727986, 79.61102104218044],
              [20.556543827392524, 79.63297271926166],
              [20.496317956845694, 79.65920646578256],
              [20.479642828418232, 79.67268546240521],
              [20.582834052468186, 79.67848396277091],
              [20.68728082811445, 79.68427727437118],
              [20.729923520354088, 79.6865208213077],
              [20.907830624544356, 79.69573417821529],
              [21.204357435574966, 79.70345292142686],
              [21.274885383110806, 79.70525401367816],
              [21.34784174064736, 79.70038604695965],
              [21.35414171194801, 79.69928741441713],
              [21.360441684581644, 79.69818878211608],
              [21.362016678125823, 79.69791412415914],
              [21.363620845122526, 79.6977834840596],
              [21.46307927714315, 79.68968388390135],
              [21.46628761236778, 79.68942260784199],
              [21.46788371173179, 79.68942317267893],
              [21.471075905327986, 79.68942430235282],
              [21.509382247710406, 79.68943786622067],
              [21.544363175223477, 79.69362060454158],
              [21.54754325825459, 79.69400085447005],
              [21.549133300880893, 79.69419097986459],
              [21.553611755928955, 79.69520060140987],
              [21.555104574613747, 79.69553714182221],
              [21.56256866558767, 79.6972198495985],
              [21.635319391586368, 79.78242747076366],
              [21.64885414923465, 79.8055326677755],
              [21.644711651834598, 79.81025377979833],
              [21.607893592661245, 79.81690095606648],
              [21.574752283499976, 79.81876850225933],
              [21.46182757224444, 79.8239549493515],
              [20.71919533053307, 79.78789972343966],
              [19.74082056609129, 79.73050944012292],
              [18.85063552922555, 79.72309112395465],
              [18.731120383512753, 79.727824075843],
              [18.4638175957652, 79.79358825587863],
              [18.361207536774693, 79.82441117976754],
              [18.25713111630176, 79.86122920721199],
              [18.12370936094509, 79.91054789113029],
              [18.2037215987795, 79.9283318768812],
              [18.27815771134929, 79.94052705704105],
              [18.766973494589, 79.96895599449314],
              [18.813820985564945, 79.96830514684996],
              [18.800860954628277, 80.03550165339313],
              [18.565906707368775, 80.0415326062066],
              [18.00814377425042, 80.12603294695127],
              [17.761086406348824, 80.13227754386284],
              [17.751886703582134, 80.13060535990915],
              [17.74268700161623, 80.12893317646255],
              [17.74115371624206, 80.1286544791578],
              [17.736318367491876, 80.12882261954064],
              [17.731483018109042, 80.1289907596051],
              [17.700859143062466, 80.1300556479427],
              [17.699247359725913, 80.13011169478348],
              [17.699574469304313, 80.13153076102812],
              [17.70055580027391, 80.13578796452009],
              [17.796799182540465, 80.15654945531163],
              [17.983986226332792, 80.17781175815797],
              [18.03112983656703, 80.18050003171999],
              [18.092904311558637, 80.18253385095785],
              [18.153428371948362, 80.18443239570185],
              [18.43761043564734, 80.19255676356724],
              [18.720965862522032, 80.19737815895321],
              [19.053959656127976, 80.13993530169414],
              [19.333379745445825, 80.17095947357927],
              [19.380498614488317, 80.29180254157475],
              [19.79281286889812, 80.22863103743444],
              [19.76193905075106, 80.31374740537304],
              [19.620424815687983, 80.38690294467118],
              [19.508523939135745, 80.38397979634564],
              [19.5069977887378, 80.3840391960929],
              [19.49173627612946, 80.38463319933817],
              [19.48715782221032, 80.38481140131069],
              [19.485613414222676, 80.38509750291975],
              [19.468624932966303, 80.38824462863548],
              [19.46553611685319, 80.38881683285632],
              [19.42014161236249, 80.41420117386193],
              [19.418766021731905, 80.41497039854433],
              [19.41431987972404, 80.41946366134779],
              [19.400981453748127, 80.43294345475198],
              [19.399869918364953, 80.43406677252516],
              [19.400604247528516, 80.43460082956113],
              [19.4018268582669, 80.43548940095043],
              [19.40549469044365, 80.43815511031313],
              [19.41649818464749, 80.4461522425079],
              [19.418943404220425, 80.4479293818956],
              [19.422033701391054, 80.44861015952671],
              [19.469933289211127, 80.45916219963291],
              [19.477659029831408, 80.46086414121345],
              [19.4792041779918, 80.46120452997302],
              [19.68060275556101, 80.502452901045],
              [20.28319821908303, 80.41317476406373],
              [20.799253326632357, 80.23239844160489],
              [20.827886581389603, 80.21384429897023],
              [20.833092117398316, 80.21114349312576],
              [20.838297651650983, 80.20844268746524],
              [20.840900419660187, 80.20709228468621],
              [20.842493728298447, 80.2068333321272],
              [20.888699700872028, 80.19932376686032],
              [20.891886317499107, 80.19880586405783],
              [20.895072936748615, 80.19828796499097],
              [20.90548557655166, 80.19796159436906],
              [20.90697309691697, 80.19791497034275],
              [20.90846061676987, 80.19786834649987],
              [21.08815413286643, 80.20726587717606],
              [21.194569905828892, 80.21820704068358],
              [21.345344542903327, 80.24639129587767],
              [21.439304352409355, 80.25442736190949],
              [21.695047681796275, 80.2695394917556],
              [21.781425476488856, 80.18042754992219],
              [21.876673697079358, 80.13002014037598],
              [22.202027743788793, 80.01866700744459],
              [22.439666747810577, 80.05830383281322],
              [22.467842101536956, 80.31115722768902],
              [22.450442994360817, 80.31339318271945],
              [22.44886125743146, 80.31359645248895],
              [22.44727952060795, 80.31379972306696],
              [22.445697783369834, 80.31400299172553],
              [22.363330842022275, 80.34172058234253],
              [22.360545157710764, 80.34315776732633],
              [22.342438221984764, 80.35249948579303],
              [22.341045380580134, 80.35321808018338],
              [22.34016011616284, 80.35445200639279],
              [22.336619059336925, 80.35938771505717],
              [22.329536945740525, 80.36925913438292],
              [22.32776641741885, 80.37172698943132],
              [22.32866001093458, 80.37306785550683],
              [22.331340790755117, 80.37709045416815],
              [22.336898327127297, 80.38541507585623],
              [22.337692260398786, 80.3866043080715],
              [22.34031168686072, 80.38839612788364],
              [22.36388651469221, 80.40452248786991],
              [22.36519622704183, 80.405418396297],
              [22.368327265052162, 80.405882795115],
              [22.379285895851055, 80.407508188105],
              [22.40120315697925, 80.41075897263438],
              [22.452582551120994, 80.41639251609816],
              [22.46382179467844, 80.4176248562415],
              [22.465427400205545, 80.41780090299474],
              [22.510313079144943, 80.42054322795494],
              [22.53435897720334, 80.42201232820796],
              [22.569479846958423, 80.42166404905124],
              [22.593425893525833, 80.42142658313414],
              [22.59821510354478, 80.42137908943603],
              [22.60430622098605, 80.4210014349022],
              [22.616488456806138, 80.4202461243854],
              [22.618011235382944, 80.42015171129528],
              [22.62105679518601, 80.41996288192715],
              [22.62257957342454, 80.41986846840231],
              [22.625555038498128, 80.41905103386688],
              [22.641920089593572, 80.41455513864186],
              [22.64340782134597, 80.41414642067649],
              [22.64347178268519, 80.41257171595633],
              [22.64353574201662, 80.41099700866107],
              [22.644367219871224, 80.39052581912097],
              [22.644013405595363, 80.38903236400141],
              [22.64295196510211, 80.3845520012337],
              [22.931682587837148, 80.4545059217448],
              [23.00001716694064, 80.45039939944604]
            ]
          ],
          [
            [
              [19.947990799009414, 80.4763951631532],
              [19.932747269008892, 80.47572886105073],
              [19.93122291682069, 80.47566223103509],
              [19.929631667871863, 80.47578430106006],
              [19.92485791913483, 80.47615051063897],
              [19.916901674577883, 80.47676086381738],
              [19.913719177069055, 80.47700500368018],
              [19.849622047650083, 80.48789360534566],
              [19.848058701160898, 80.48815918021513],
              [19.84657149008413, 80.48873832070073],
              [19.834673795456457, 80.49337144216986],
              [19.831699371495958, 80.4945297235803],
              [19.83208049450334, 80.49598624502244],
              [19.835129479154844, 80.50763841220524],
              [19.835891725657905, 80.51055145181854],
              [19.837114335626403, 80.51080131483948],
              [19.838336945379734, 80.51105117778278],
              [19.84078216600505, 80.51155090343661],
              [19.842259725756506, 80.51184972084205],
              [19.849647522514612, 80.51334381150228],
              [19.982233046900998, 80.53888702456226],
              [19.983721298912425, 80.5389487531356],
              [19.99562731702805, 80.53944258266002],
              [19.998603821675825, 80.53956604061075],
              [20.019912719709147, 80.5372543322656],
              [20.103132247097058, 80.51255035381456],
              [20.105557123634405, 80.51126098796135],
              [20.109194436126298, 80.50932693491184],
              [20.110406874489527, 80.50868225219511],
              [20.109588241641287, 80.50756530695],
              [20.10876960716277, 80.50644836282135],
              [20.106313705853715, 80.5030975343161],
              [20.073441266995903, 80.49603938879238],
              [20.03900347473839, 80.48864514598472],
              [20.031176704263576, 80.48696463614496],
              [20.02334993258164, 80.48528412390354],
              [20.01865387032084, 80.48427581816891],
              [19.955671376978575, 80.476848472026],
              [19.947990799009414, 80.4763951631532]
            ]
          ],
          [
            [
              [20.66174125795455, 80.66693115135334],
              [20.752904892478764, 80.66406440868802],
              [20.818331701453083, 80.6504958542684],
              [20.70557887764253, 80.6155119684497],
              [20.56199836780509, 80.63809966999308],
              [20.558921701369567, 80.63884151729786],
              [20.514310050441647, 80.64959828994387],
              [20.509695053165153, 80.65071105968129],
              [20.508265087253356, 80.65141187410698],
              [20.492535454231515, 80.65912083257602],
              [20.489675522633245, 80.66052246077146],
              [20.492443605017893, 80.66190130189604],
              [20.50489997971001, 80.66810608007674],
              [20.508003022368705, 80.66856045220216],
              [20.51110606729596, 80.66901482589391],
              [20.517312155981948, 80.66992357234945],
              [20.518863678791675, 80.67015075783209],
              [20.60690879775188, 80.67042541346515],
              [20.610036713837882, 80.67038290696264],
              [20.646007741319366, 80.66989408394227],
              [20.650699615436164, 80.66983032305576],
              [20.652079819343573, 80.66946792631724],
              [20.66174125795455, 80.66693115135334]
            ]
          ],
          [
            [
              [21.338290309553646, 80.6944288273012],
              [21.33087921272595, 80.68377685486901],
              [21.296364136318946, 80.67329193126146],
              [21.147451400294653, 80.6533737198565],
              [21.145865179117184, 80.65323222897469],
              [21.133175415314444, 80.65210030438179],
              [21.13000297436129, 80.65181732282417],
              [21.119094848170008, 80.65274524702707],
              [21.117536544719076, 80.65287780707229],
              [21.114533367487923, 80.65399708503155],
              [21.108527014923563, 80.65623563898187],
              [21.066482544224673, 80.6719055161331],
              [21.054806048538747, 80.68579336314113],
              [21.0538330071808, 80.68695068403613],
              [21.055216107632035, 80.6874215260254],
              [21.057982307622108, 80.68836321320421],
              [21.063514709460915, 80.6902465806405],
              [21.073167800976908, 80.69126052956881],
              [21.15039253260692, 80.69937209960725],
              [21.158436776697346, 80.70021705704195],
              [21.160045624155025, 80.70038604605622],
              [21.16319338668347, 80.70032501183788],
              [21.267650603355918, 80.70635986223925],
              [21.269185610120857, 80.70645196023808],
              [21.286070686936064, 80.70746503484249],
              [21.289140701552792, 80.70764923011505],
              [21.29227859046256, 80.70727458800145],
              [21.338290309553646, 80.6944288273012]
            ]
          ],
          [
            [
              [20.905064106479404, 80.72089068177614],
              [20.96987247335195, 80.7206993123519],
              [21.05766487116459, 80.70925903315025],
              [21.057654699076103, 80.70803324338505],
              [21.05763435349035, 80.70558166483546],
              [21.042084694512404, 80.70304912896921],
              [21.038974763675068, 80.70254262143489],
              [21.003210546466406, 80.69671779114215],
              [21.00165557997182, 80.69646454007463],
              [20.871725082739555, 80.68183898960339],
              [20.789898054099947, 80.68991143279536],
              [20.653394698994013, 80.70926284872148],
              [20.541902541297674, 80.74467468315345],
              [20.536709467826014, 80.74711609006589],
              [20.534112930391434, 80.74833679118575],
              [20.53778419490047, 80.75059814415818],
              [20.539007949925058, 80.75135192902243],
              [20.540231705635513, 80.75210571415907],
              [20.541824402993168, 80.75233656505942],
              [20.586419937044102, 80.7588003850669],
              [20.589605331546057, 80.75926208446718],
              [20.591159233125442, 80.75937095238694],
              [20.623791181630576, 80.76165712825832],
              [20.626898985572545, 80.76187485839814],
              [20.630006789705753, 80.76209258998638],
              [20.631560325239306, 80.76196712875796],
              [20.634667397685686, 80.7617162048952],
              [20.63622093151776, 80.76159074509833],
              [20.650202752772014, 80.76046159434695],
              [20.657970428424175, 80.75983428993868],
              [20.905064106479404, 80.72089068177614]
            ]
          ]
        ]
      }
    },
    {
      "type": "Feature",
      "properties": { "name": "San Marino", "eur": null, "eu_contrib": null },
      "geometry": {
        "type": "Polygon",
        "coordinates": [
          [
            [12.510629249421326, 43.97996849988364],
            [12.510156884971147, 43.9755114146372],
            [12.51137099941951, 43.975641000169325],
            [12.509541925268117, 43.96970885644838],
            [12.508074000507653, 43.95585800005603],
            [12.504502333434436, 43.92843666691127],
            [12.49373099957804, 43.908214000271215],
            [12.493181666630813, 43.9072249998716],
            [12.492083000564396, 43.90524699996031],
            [12.489162428948058, 43.900253856554755],
            [12.488432286370989, 43.899005571233886],
            [12.486972000267551, 43.89650899973731],
            [12.461542999812249, 43.89481999996427],
            [12.43059099988207, 43.90244399970938],
            [12.409139042304641, 43.91860013025854],
            [12.409087382554775, 43.919792727550444],
            [12.408665000514096, 43.91991900028164],
            [12.409062563546728, 43.92036570692806],
            [12.407593000288859, 43.95429200028093],
            [12.506425999978363, 43.991632000461465],
            [12.508033250520224, 43.99154975026162],
            [12.50964049946299, 43.991467500134775],
            [12.511247750422607, 43.99138525008096],
            [12.510629249421326, 43.97996849988364]
          ]
        ]
      }
    },
    {
      "type": "Feature",
      "properties": { "name": "Serbia", "eur": null, "eu_contrib": null },
      "geometry": {
        "type": "Polygon",
        "coordinates": [
          [
            [20.26377400028306, 46.126144000165574],
            [20.34943599961473, 46.01887799976053],
            [20.66012800045315, 45.829184999775286],
            [20.793855000428003, 45.58709899995384],
            [20.808826999745214, 45.47960299987996],
            [21.00066799970381, 45.341800000307195],
            [21.299048999678195, 45.24140500014775],
            [21.462502999486965, 45.0733409996998],
            [21.425714999759474, 44.77435699963473],
            [22.026040999660367, 44.58033899981842],
            [22.232169000490227, 44.55956599979764],
            [22.30677799954944, 44.658591000263854],
            [22.417506999550117, 44.70295799993493],
            [22.702633000282184, 44.603360999679694],
            [22.761528999550467, 44.538826999679195],
            [22.695061999871847, 44.51627800020475],
            [22.56379700009587, 44.533106000140336],
            [22.470174000416957, 44.439188000411015],
            [22.53475899984415, 44.33060100029166],
            [22.676142999703913, 44.21545099992564],
            [22.615250085175415, 44.12963959986254],
            [22.418518594206954, 44.006434273412204],
            [22.364473343177472, 43.824762345335415],
            [22.532828042725754, 43.47255050488019],
            [23.00638700556364, 43.18725235014532],
            [22.983486248911145, 43.11219812692788],
            [22.776199490750056, 42.934750500417614],
            [22.440165426539615, 42.82409718767835],
            [22.45117506422111, 42.604282042162914],
            [22.55861473012394, 42.48122978218179],
            [22.463167226389032, 42.345156482338574],
            [22.35980561144397, 42.31173955263432],
            [22.290768999966566, 42.352607999543814],
            [21.93275600003963, 42.33780699977823],
            [21.053533000526258, 42.1725829997675],
            [20.84004300002129, 42.09397300020759],
            [20.75098199979569, 41.98118600040776],
            [20.772111999720497, 41.91635800011378],
            [20.727972142152108, 41.86427723344269],
            [20.59428600045635, 41.8773280002676],
            [20.600050999403564, 42.018852999718405],
            [20.523884000311558, 42.21152400012756],
            [20.078894999750204, 42.55579899999402],
            [20.108769999892203, 42.647818999917945],
            [20.34353699957919, 42.833263000076506],
            [20.349175000425912, 42.89485300015628],
            [19.571158500101106, 43.241235000029356],
            [19.29252099961543, 43.444766999885445],
            [19.222633500037958, 43.52714400044097],
            [19.249318999830926, 43.53329599954034],
            [19.581203000022178, 44.06554100023848],
            [19.348685000204178, 44.23022900026953],
            [19.22181900000288, 44.26982299976903],
            [19.26510150150942, 44.64651150030566],
            [19.36397699961947, 44.8818449995517],
            [19.163053999845676, 44.915167999847135],
            [19.022172066342954, 44.8553667421851],
            [19.176000517319714, 45.27045325607403],
            [18.93511460419511, 45.638905745399676],
            [18.85644385956556, 45.909421103355186],
            [19.20194000037855, 45.99285200037333],
            [19.575956999929943, 46.17714600043723],
            [20.016982999648746, 46.17661699960482],
            [20.26377400028306, 46.126144000165574]
          ]
        ]
      }
    },
    {
      "type": "Feature",
      "properties": { "name": "Slovakia", "eur": null, "eu_contrib": null },
      "geometry": {
        "type": "Polygon",
        "coordinates": [
          [
            [22.565738333111998, 49.087986157097035],
            [22.17015399943972, 48.585450999917214],
            [22.13804600037307, 48.43383000024894],
            [22.155218502129348, 48.40395637629426],
            [21.817558000012486, 48.33497799993103],
            [21.722902999629312, 48.35037299984579],
            [21.624745000142177, 48.46368300040421],
            [21.268792999783443, 48.52527500023196],
            [20.818075999944693, 48.57840400036941],
            [20.541211999907844, 48.538017000019586],
            [20.283023999681554, 48.26300099997375],
            [19.950576999826122, 48.14899099961688],
            [19.527773000241556, 48.19810800030129],
            [19.03345799960342, 48.06665699975441],
            [18.850080000197497, 47.829910000049125],
            [18.609291999596316, 47.75808699995194],
            [17.789854999642262, 47.74022299957305],
            [17.54287800040717, 47.84692699998636],
            [17.343535999659945, 47.986281000201465],
            [17.24045800043651, 48.02043799973462],
            [17.1608069994174, 48.006677999826444],
            [17.107101894353733, 48.029573122547426],
            [16.847408695821557, 48.34909684845415],
            [16.940360810725693, 48.61669357680361],
            [17.04965000053554, 48.76792000029014],
            [17.193576000290367, 48.874887000112274],
            [17.508910999676136, 48.81978200048458],
            [17.855925000085485, 48.926093999737425],
            [18.113683000460284, 49.11796499955979],
            [18.226462999512034, 49.294425999791805],
            [18.660509999734867, 49.50356299990637],
            [18.850898999431205, 49.516897000446995],
            [18.97301600056709, 49.49754000032554],
            [19.277509000384295, 49.533236000295155],
            [19.47575999963117, 49.60478899971652],
            [19.74105099955287, 49.40398499989193],
            [19.768351000171506, 49.23670500010236],
            [20.112756000171697, 49.26111599989656],
            [20.151837000611398, 49.31844200011483],
            [20.370225000414862, 49.404922999788226],
            [21.058193999415284, 49.402595000321696],
            [21.361985000293604, 49.44229400016145],
            [21.700987999418334, 49.41833700024226],
            [21.868530000251102, 49.371744000079],
            [22.034479000588348, 49.23871300023251],
            [22.143029999625476, 49.192827000327746],
            [22.428856000368317, 49.09847399958735],
            [22.565738333111998, 49.087986157097035]
          ]
        ]
      }
    },
    {
      "type": "Feature",
      "properties": { "name": "Slovenia", "eur": null, "eu_contrib": null },
      "geometry": {
        "type": "Polygon",
        "coordinates": [
          [
            [16.596705128540584, 46.47582032469247],
            [16.26407103559325, 46.44884411627481],
            [15.729407014966702, 46.22067209057573],
            [15.635706363505012, 46.08321886586537],
            [15.627386001429976, 45.83252493607188],
            [15.31157922012544, 45.68398604232557],
            [15.323367220229029, 45.45408892980627],
            [15.22816997731193, 45.43415758288811],
            [14.438692825121983, 45.512685344226064],
            [14.329448443471572, 45.472940286473026],
            [13.886945198254152, 45.42856617324849],
            [13.585805999854255, 45.47848150029242],
            [13.722887441549767, 45.5946229439268],
            [13.848631999474957, 45.584115000270124],
            [13.89996800020591, 45.643368000118045],
            [13.796018000082254, 45.743180999938616],
            [13.649405000328235, 45.79913399984341],
            [13.44383200022247, 46.22530000008276],
            [13.577760000505997, 46.41683700038755],
            [13.714073979576149, 46.52286817400551],
            [14.052684271226815, 46.49187783245947],
            [14.553125588862926, 46.39266333452487],
            [14.780680604660967, 46.501125575785586],
            [14.928767754758463, 46.61866482242235],
            [15.116166376440612, 46.65694176687773],
            [15.456193666388906, 46.634847100380455],
            [15.907812391712438, 46.71117672047856],
            [16.11379500032069, 46.86908599958105],
            [16.201435000343835, 46.86866999952622],
            [16.34090599978842, 46.80657200016702],
            [16.34910599968182, 46.72815299976574],
            [16.531661999958313, 46.50060200019717],
            [16.596705128540584, 46.47582032469247]
          ]
        ]
      }
    },
    {
      "type": "Feature",
      "properties": { "name": "Sweden", "eur": null, "eu_contrib": null },
      "geometry": {
        "type": "MultiPolygon",
        "coordinates": [
          [
            [
              [22.834680000581763, 68.37627400007551],
              [23.064642999935074, 68.28875500069161],
              [23.428255999711396, 68.03881500023702],
              [23.55981699941311, 67.90282099958472],
              [23.48888699926609, 67.6681449993815],
              [23.610965967115742, 67.27397491897212],
              [23.79472796241974, 66.98381505579604],
              [23.97048792152576, 66.78737895316961],
              [23.879459950512306, 66.63282101697214],
              [23.68383746305264, 66.47207451233244],
              [23.654233015412867, 66.41474904170887],
              [23.6507969386227, 66.2983859305547],
              [23.726940549391415, 66.20439749121239],
              [23.93594380819759, 66.12090494998743],
              [24.15406657627201, 65.8187568527338],
              [23.195409775705205, 65.8059463506743],
              [22.798467634719067, 65.85146331807229],
              [22.65249824504465, 65.89410400389097],
              [22.3691864003053, 65.86434173503505],
              [22.247779846225882, 65.7401428225298],
              [22.258560181341462, 65.64562225235731],
              [22.14584350641037, 65.58279418988974],
              [21.877012252608434, 65.5153732286904],
              [21.595396041235638, 65.41838073641256],
              [21.462013243763145, 65.37430572529495],
              [21.472846984317485, 65.33990478433513],
              [21.51780319241966, 65.32355499360926],
              [21.56404495113582, 65.18094634979295],
              [21.355474471623257, 64.99241638118333],
              [21.24114608823092, 64.93161773730017],
              [21.159999846398357, 64.82402801453482],
              [21.189243316665088, 64.7001342782739],
              [21.31632232735991, 64.58853149366338],
              [21.510271072510374, 64.50860595572347],
              [21.599882126438647, 64.43552398688347],
              [21.290534973016367, 64.29156494142886],
              [20.570663452356747, 63.79722976734437],
              [19.7751884466766, 63.542354584378955],
              [19.601879120118173, 63.50392913727094],
              [19.439916611576123, 63.52379608134272],
              [19.12324142531342, 63.27864074670204],
              [18.720018386418904, 63.26626205386504],
              [18.666046143067174, 63.174182891884335],
              [18.40451049715977, 63.05319595338057],
              [18.355445862479506, 62.99869918738965],
              [18.509799957577773, 62.95984649660547],
              [18.478298187197375, 62.901260375580506],
              [18.26152229326203, 62.90302276761416],
              [18.214807509608267, 62.87547683650441],
              [18.21965217536743, 62.82792282033664],
              [18.293500900604055, 62.847446442841246],
              [18.23180198755026, 62.796543120487485],
              [18.034482956372138, 62.79656982382299],
              [17.815994262416325, 63.01673889242975],
              [17.767829821422577, 63.11297184677424],
              [17.637968063331552, 63.17171859593344],
              [17.608764647840967, 63.17251205352311],
              [17.794107435610005, 63.024868010415055],
              [17.895179748662624, 62.86521530253435],
              [17.977773666282257, 62.65280151431278],
              [17.944602964612983, 62.625003813588876],
              [17.819702147900788, 62.485370636508854],
              [17.70399093720611, 62.44281768715719],
              [17.533800124954464, 62.4756584181619],
              [17.43828201353865, 62.54994201714051],
              [17.33977699325095, 62.47582626170628],
              [17.384954453374572, 62.34623718283917],
              [17.478317260528407, 62.2711334225864],
              [17.419561384924542, 61.72533035326302],
              [17.39627075282667, 61.654979704602745],
              [17.183179854177723, 61.70217132609008],
              [17.089046476480252, 61.56787109395593],
              [17.13351059084952, 61.52644729597977],
              [17.203937530385364, 61.27974700943304],
              [17.166320800993674, 60.932174683966615],
              [17.228313446070878, 60.69098281848224],
              [17.73946189913008, 60.53009033200636],
              [18.01291084348229, 60.545623778161094],
              [18.330047605487415, 60.35715866157939],
              [18.315090178831582, 60.31034851199675],
              [18.337972641372694, 60.284400940438324],
              [18.565347672495115, 60.11600112884623],
              [18.627201079598844, 60.1428642269667],
              [18.825807571562862, 60.099346161401506],
              [18.945722581056856, 59.89506149270395],
              [18.87936782834012, 59.79169845620715],
              [18.72972488289609, 59.660312652743826],
              [18.32951355046464, 59.46253967269717],
              [17.967529296789305, 59.43768691957305],
              [18.062345505521606, 59.36428832930214],
              [18.36388015657789, 59.23508453434529],
              [18.445434569515626, 59.166683197237006],
              [18.22264862153639, 59.11141204774386],
              [18.04196166959605, 59.04549026607985],
              [17.882949828724044, 58.88133239651389],
              [17.829858780592836, 58.89542388850799],
              [17.76822662373066, 59.01155471769013],
              [17.78250694256043, 59.088973999206736],
              [17.715402601881955, 59.113159180483436],
              [17.66902160599134, 59.10176086414065],
              [17.485635755792845, 58.823348999180695],
              [17.062932968207843, 58.67606735189023],
              [16.630136488812738, 58.639076232836885],
              [16.237789155007224, 58.66278457543027],
              [16.21255493191516, 58.62894058243913],
              [16.2703952791737, 58.607540131632746],
              [16.58380699255703, 58.62962722806493],
              [16.73515892053643, 58.606651305432884],
              [16.955829620466798, 58.48086166379262],
              [16.76346015838169, 58.42564773572423],
              [16.554275512499775, 58.45925140306772],
              [16.732276916665146, 58.335700989400145],
              [16.82242202837662, 58.231986999021636],
              [16.83720779444368, 58.128929137519535],
              [16.788127899114105, 58.117416380759146],
              [16.538640975665295, 57.90465545743361],
              [16.57579994241259, 57.808719634377475],
              [16.57743072583954, 57.62534332448941],
              [16.535194396542792, 57.5836410519106],
              [16.5605525957068, 57.34326934822132],
              [16.469371795872334, 57.187030792269674],
              [16.459184648608687, 56.954524993999634],
              [16.323780060209117, 56.65769195485146],
              [16.067848204941, 56.32453918504671],
              [15.786778450428578, 56.15283966249584],
              [15.574819565178451, 56.187866209730906],
              [15.012263297541672, 56.15214919864386],
              [14.481841086703643, 56.033130646172076],
              [14.267448426621511, 55.889518737404785],
              [14.216724395789125, 55.816829681329814],
              [14.207191466334566, 55.70185851968539],
              [14.36261653844274, 55.55400466908857],
              [14.352695465091188, 55.51331329169479],
              [14.187514305572542, 55.38017272925165],
              [14.060219764604904, 55.38112259053748],
              [13.923998831395348, 55.43494033801023],
              [13.713526725441026, 55.42780303961438],
              [13.302776336435247, 55.34074783160305],
              [12.887669562375038, 55.39850235017896],
              [12.871616362932155, 55.425827026317776],
              [12.928538856520055, 55.51288213379903],
              [12.854398726621122, 55.86056137151139],
              [12.448310851890847, 56.29348754941975],
              [12.639794349479619, 56.25252151527707],
              [12.8776302326508, 56.42851638911304],
              [12.809797286566768, 56.65392303532352],
              [12.633069037011875, 56.73723983939855],
              [12.26284599376095, 57.07009506339293],
              [12.130629539186135, 57.34515762269848],
              [11.789129257019145, 57.752494811363185],
              [11.766528130543719, 57.917934417555884],
              [11.85921859660118, 58.144229889084535],
              [11.862346647819628, 58.332424163727666],
              [11.691534042348529, 58.425769806985556],
              [11.59060478305586, 58.42964935352007],
              [11.435585975285498, 58.35199737523164],
              [11.363345145781896, 58.36358642617818],
              [11.252852440586906, 58.44314575242221],
              [11.280602454378297, 58.60570907628091],
              [11.236204147180446, 58.806350709031896],
              [11.170813560347183, 58.93266678041101],
              [11.207663154435028, 59.08541873575271],
              [11.340247962363971, 59.115052994830776],
              [11.36837997553671, 59.09857199406482],
              [11.460445961907638, 58.98832096623098],
              [11.460445962334717, 58.88971893925523],
              [11.590587917523717, 58.891140007293764],
              [11.687768037747047, 58.95564294293849],
              [11.823323998722653, 59.23709600195952],
              [11.780323000618392, 59.643238999748725],
              [11.881290999909757, 59.82661000053535],
              [12.18368416221295, 59.89606872349392],
              [12.448830000195834, 60.03839499975131],
              [12.541461999410533, 60.1927819997166],
              [12.606059003629595, 60.40532599947462],
              [12.582758999793834, 60.550431000270066],
              [12.413740609137308, 60.71981979829061],
              [12.225101008164767, 61.01084401731064],
              [12.596823603344562, 61.04672308654844],
              [12.688380961569107, 61.08105227255756],
              [12.792261999360353, 61.19798100024861],
              [12.869574991438622, 61.35967000406052],
              [12.582637999918129, 61.56462499966937],
              [12.418674000279596, 61.56917900028997],
              [12.136292000182518, 61.71947999972746],
              [12.244921206197198, 62.08165673650001],
              [12.069508654012763, 63.166691113101194],
              [12.062949131613529, 63.345936245136485],
              [12.159096179572183, 63.579690563485194],
              [12.687392999887459, 63.973981999633025],
              [12.927724000300676, 64.05827200042671],
              [13.210814000235587, 64.09606799948928],
              [13.974516978194975, 64.01549029201001],
              [14.157953000534675, 64.19493600027911],
              [14.114149999699837, 64.46275799961646],
              [13.654347000619293, 64.57964899993047],
              [14.174849463727444, 64.99459084971453],
              [14.466545980790709, 65.29084547814867],
              [14.560238814542268, 65.72631267635168],
              [14.549109000055811, 66.03017799998167],
              [15.022473058958424, 66.15499829154231],
              [15.440499724384669, 66.37013814889559],
              [15.48291662209378, 66.54022666240327],
              [16.042559006267197, 66.92513300731581],
              [16.18101662386642, 66.98504496044666],
              [16.261575573623595, 67.52547714168234],
              [16.596994809583933, 67.7091663096584],
              [16.85570699011714, 67.94949658168149],
              [17.278186999787312, 68.11458999986561],
              [17.87470899929792, 67.97200199963076],
              [18.15090399725924, 68.19462501142029],
              [18.08856499938305, 68.41397600132939],
              [18.121212999720598, 68.54370199463956],
              [18.412036999783272, 68.58130900074022],
              [19.91986499167239, 68.35424499975142],
              [20.204740003025414, 68.48632499538212],
              [20.127970525071795, 68.50444318345669],
              [20.33421095221427, 68.80246995038033],
              [20.061621000599978, 69.04636600030993],
              [20.55032899937147, 69.06008999926107],
              [20.68368000038648, 69.04248299936829],
              [21.538302667685265, 68.67604780180369],
              [22.007972999594287, 68.51141800004841],
              [22.834680000581763, 68.37627400007551]
            ]
          ],
          [
            [
              [16.487148285353697, 56.23056411676653],
              [16.41025543248421, 56.192810058529],
              [16.38481140147447, 56.49389266921419],
              [16.4084968573992, 56.56319427637494],
              [16.521604537733996, 56.74194335880823],
              [16.979801177749493, 57.295940399189824],
              [17.081529616667762, 57.36533355701605],
              [17.113031386433676, 57.330730438221096],
              [17.02230071979546, 57.12291336095227],
              [16.723611831402998, 56.65557098540593],
              [16.538768768327476, 56.30771636907079],
              [16.487148285353697, 56.23056411676653]
            ]
          ],
          [
            [
              [18.37842559937701, 57.001373290543086],
              [18.208620070881675, 56.993362426524925],
              [18.136856077534077, 57.43362808170961],
              [18.207752227649273, 57.59920120149597],
              [18.515871048846076, 57.83123016385677],
              [18.64857482879944, 57.89381790155455],
              [18.735885619653864, 57.92826080249734],
              [18.89587211641611, 57.92342376805801],
              [19.012252808408363, 57.91222763205232],
              [19.082666396654663, 57.83237457341578],
              [18.96265983629824, 57.75628280644919],
              [18.83664703395047, 57.73850250244226],
              [18.793107985310023, 57.65307617163956],
              [18.769922256666774, 57.50653839136775],
              [18.82370567305745, 57.43777465856843],
              [18.37842559937701, 57.001373290543086]
            ]
          ]
        ]
      }
    },
    {
      "type": "Feature",
      "properties": { "name": "Ukraine", "eur": null, "eu_contrib": null },
      "geometry": {
        "type": "Polygon",
        "coordinates": [
          [
            [34.02866847557604, 52.20144731319947],
            [34.32297407218462, 51.87688881495246],
            [34.35747299907877, 51.71333600025429],
            [34.25338599949415, 51.556373000512245],
            [34.30078012349817, 51.334501907552664],
            [34.483109941482894, 51.24516300751194],
            [34.667809706643574, 51.1987216970432],
            [35.15017129464542, 51.22102019150506],
            [35.37443721083086, 51.008662006505695],
            [35.41363502889314, 50.569422053376506],
            [35.62652210843006, 50.35201069593835],
            [35.7414618116249, 50.356528592626056],
            [35.80478523266947, 50.411443866327616],
            [35.899634635047306, 50.43880101453122],
            [36.06610851142177, 50.45129790587993],
            [36.560867847458184, 50.2515405219006],
            [36.684043543832246, 50.2504461736445],
            [37.35974323937441, 50.435846897824895],
            [37.47959524718829, 50.43093429090218],
            [37.64483377743929, 50.17401827189792],
            [38.05851096450145, 49.92396978106958],
            [38.13595377333772, 49.926508061508606],
            [38.209315034110816, 49.97515081596214],
            [38.178789152058094, 50.07789958715594],
            [38.30222904033376, 50.08725591465262],
            [38.77830277860298, 49.88538890650818],
            [39.05195827027544, 49.8177766075886],
            [39.227741234679165, 49.82317043142224],
            [39.943537987559594, 49.58555572736598],
            [40.04732178012217, 49.52369313982481],
            [40.16253353419988, 49.36780393176209],
            [40.104423442387215, 49.2091540812885],
            [39.94185697318257, 49.073317791515024],
            [39.79292132780592, 49.05308798543404],
            [39.77254124458495, 48.5908188072448],
            [39.862110244104734, 48.523548806777065],
            [39.97925733314442, 48.22674453351879],
            [39.818605284433566, 47.95069069553799],
            [39.50256603345416, 47.83987940591883],
            [38.837006413072224, 47.85865250430009],
            [38.288644703268034, 47.48914154937619],
            [38.230118780435944, 47.11940682597196],
            [38.13362503035878, 47.050289153805366],
            [37.97120284920356, 47.09275817930012],
            [37.65790176413773, 47.09257507238412],
            [36.76882171601531, 46.75584793146496],
            [36.19602584782764, 46.66728973352379],
            [35.92154312113463, 46.656600951593816],
            [35.7831687934904, 46.60480117940573],
            [35.33573913561035, 46.34357833852674],
            [35.22680664064133, 46.45055389368674],
            [34.83539962780436, 46.20881652933014],
            [34.80905532839893, 46.165508269660066],
            [34.84823989955802, 46.0188369748933],
            [34.97679901094155, 45.76359558128811],
            [35.26436233502704, 45.44433975233493],
            [35.4560279856731, 45.30430221611597],
            [35.53007888893206, 45.28257751374698],
            [36.131969452050214, 45.45904541027331],
            [36.279129028921496, 45.47253799257615],
            [36.58466339045722, 45.437103270629144],
            [36.647983550518596, 45.375988007889],
            [36.60871887131371, 45.34494018689543],
            [36.524696349681314, 45.345657348998635],
            [36.45530700720761, 45.101123809720114],
            [36.37333679156085, 45.057716368942664],
            [36.239635468368995, 45.03471756113516],
            [35.78944778490247, 45.056686400897796],
            [35.38426971256497, 45.03225708056811],
            [34.95120239322898, 44.841545104409214],
            [34.73187255950368, 44.81793594462242],
            [34.48043060429402, 44.72449493504081],
            [34.32568740761941, 44.55321884073346],
            [34.114807128941464, 44.43490600559643],
            [33.97475814840319, 44.39564132669068],
            [33.72986984185046, 44.39753341665474],
            [33.48045730464511, 44.513771057162494],
            [33.38175964462969, 44.588840485370206],
            [33.490333556207744, 44.62232208311732],
            [33.61824417132503, 44.912330627129634],
            [33.58496475166004, 45.05431747436803],
            [33.493476867697794, 45.15794754000167],
            [32.96033859299872, 45.34532165517036],
            [32.65041351286623, 45.31839752207918],
            [32.49599456820408, 45.35461807294764],
            [32.48360824551511, 45.38914489753686],
            [32.5551338204436, 45.46172714066418],
            [32.877952576156034, 45.6204643253535],
            [33.20540618888641, 45.76207351642493],
            [33.649055480893914, 45.87710952802545],
            [33.76405334516279, 45.92639541520984],
            [33.753623962245435, 45.95820999139698],
            [33.63997650043163, 46.07918167057091],
            [33.19452667232758, 46.17518997214384],
            [32.544952392921864, 46.07595825327114],
            [31.89603233256786, 46.29087066554907],
            [31.748977661552814, 46.490604401203534],
            [32.373863220064145, 46.49272918652205],
            [32.31229400617415, 46.55825424166284],
            [31.912080765550854, 46.703521730222604],
            [31.145359039495318, 46.62919235191397],
            [30.814582825264786, 46.558807374267296],
            [30.764068603434833, 46.48987960757695],
            [30.748167038029244, 46.37635421785419],
            [30.50963592373593, 46.11610794103031],
            [30.247459412097832, 45.88603591799971],
            [29.77356529140956, 45.61470031714121],
            [29.735330582369063, 45.62634658804528],
            [29.68043518098925, 45.70697402911432],
            [29.764808656200348, 45.4323844912718],
            [29.74451828047645, 45.23726272673072],
            [29.68919178350646, 45.20286867043926],
            [29.64906100007439, 45.34129699976989],
            [29.593057000268914, 45.388789000100935],
            [29.447220999524465, 45.43200899988246],
            [29.247456000187345, 45.4350829999224],
            [28.710859999842537, 45.22404300004518],
            [28.349762999833505, 45.320179999562264],
            [28.212888838941033, 45.46743796304514],
            [28.37509099954978, 45.52639100297356],
            [28.908156999101212, 45.991692002624404],
            [28.96093400027492, 46.38803600171065],
            [28.998602000960837, 46.479538002975154],
            [29.162079000451683, 46.53942900311043],
            [29.814199175077427, 46.3906393572675],
            [30.088047000130313, 46.38516500252931],
            [30.16359000013849, 46.41358000312474],
            [29.96702400044783, 46.68293700316951],
            [29.979398998557944, 46.81941400210678],
            [29.644074314868906, 46.93756509869272],
            [29.48645899944809, 47.349717003071795],
            [29.3834530006803, 47.34489000271979],
            [29.169480873626043, 47.46556227005613],
            [29.147708001519188, 47.51246800251889],
            [29.237339550463776, 47.74704873719344],
            [29.228714000557975, 47.85752900322038],
            [29.17503899953679, 47.993750001715604],
            [28.503063999987766, 48.129961003731005],
            [28.13542300061184, 48.24500800191574],
            [27.74861500016487, 48.4581160030395],
            [27.49842800150963, 48.456583002759885],
            [26.89530799947264, 48.38670000336719],
            [26.676279999471394, 48.32176000269994],
            [26.61642499949662, 48.27440300280304],
            [26.63025876165207, 48.25982410889432],
            [26.261622999822862, 48.07464999962909],
            [25.873414000514288, 47.966213999952835],
            [25.20015499964045, 47.8455570002657],
            [25.115580999620782, 47.76286799997232],
            [25.022148999748904, 47.73072800034987],
            [24.882965999757925, 47.72405999959696],
            [24.65391699987899, 47.9135910001283],
            [24.38553900022773, 47.94069999959233],
            [24.098646474420928, 47.93136117912947],
            [23.282944272562922, 48.0647058517955],
            [23.111373830987503, 48.069596534650366],
            [22.896020372608007, 47.9540516042237],
            [22.85961548072735, 48.01010476975992],
            [22.250431464500597, 48.41068095764392],
            [22.155218502129348, 48.40395637629426],
            [22.13804600037307, 48.43383000024894],
            [22.17015399943972, 48.585450999917214],
            [22.565738333111998, 49.087986157097035],
            [22.631864333492178, 49.07208796419035],
            [22.804895001278005, 49.133998001281974],
            [22.64071000026122, 49.52979299858631],
            [22.81313492001589, 49.693805260392026],
            [23.388115036461812, 50.16322719321458],
            [23.693656998368525, 50.35924899993114],
            [23.984767998442287, 50.41260999874996],
            [24.068503000359115, 50.50086699949658],
            [24.094672000251492, 50.63031300027428],
            [24.00986999987794, 50.92100300141664],
            [23.617825998532325, 51.50787999960399],
            [23.676005999549425, 51.5062100003591],
            [24.294760999542678, 51.79793400031418],
            [24.573999999568347, 51.89421700007167],
            [25.31976099964215, 51.94359099994572],
            [25.95568699968494, 51.92308599952474],
            [26.395531999869412, 51.8574109995329],
            [26.961738000143566, 51.746076000450216],
            [27.377977000575886, 51.60971900041364],
            [27.70978999958631, 51.557208999691916],
            [27.845089000021737, 51.55042400035713],
            [28.169036000494724, 51.63186600026632],
            [28.544009000027685, 51.58199599997189],
            [28.906051000643373, 51.58852600045637],
            [29.279711000383074, 51.45869899957369],
            [29.52036400052524, 51.43302299980887],
            [29.728259999405477, 51.49168499951914],
            [30.16531999935988, 51.50347099955106],
            [30.34088699971091, 51.37002299968249],
            [30.620257999920078, 51.42384500029173],
            [30.526672999928675, 51.5855129997512],
            [30.54181900049461, 51.670427000306056],
            [30.929320000145, 52.049349999767095],
            [31.508902999509317, 52.1213249997559],
            [31.78176936480474, 52.11196100869551],
            [31.94329003168002, 52.05875994395086],
            [32.34511649748071, 52.15667911747064],
            [32.624238929968755, 52.295281201887775],
            [33.06534802419466, 52.31493100821105],
            [33.36479772372487, 52.361217478873385],
            [33.83825750264381, 52.36034686374165],
            [34.02866847557604, 52.20144731319947]
          ]
        ]
      }
    },
    {
      "type": "Feature",
      "properties": { "name": "Holy See", "eur": null, "eu_contrib": null },
      "geometry": {
        "type": "Polygon",
        "coordinates": [
          [
            [12.457639000240686, 41.90582100038505],
            [12.451565000445795, 41.90038099972807],
            [12.445904999882588, 41.90193299963579],
            [12.457639000240686, 41.90582100038505]
          ]
        ]
      }
    },
    {
      "type": "Feature",
      "properties": { "name": "Spain", "eur": 4679087.92, "eu_contrib": null },
      "geometry": {
        "type": "MultiPolygon",
        "coordinates": [
          [
            [
              [-7.238258839257884, 43.56806564336003],
              [-7.125093937505515, 43.559329987188285],
              [-6.100512028211995, 43.56275558544221],
              [-5.876083850838294, 43.632667541866034],
              [-4.611771108168878, 43.39768981798452],
              [-4.195971011535875, 43.40176010066036],
              [-3.64564704934692, 43.49792099055137],
              [-3.475478888848842, 43.44664001497184],
              [-3.01453089763113, 43.38393783641509],
              [-2.884620905239574, 43.437114715412505],
              [-2.74547696041705, 43.44323730391592],
              [-2.439402818261409, 43.333847045573776],
              [-2.003042935120916, 43.32434845103679],
              [-1.785978000190443, 43.35047900010962],
              [-1.629997999409285, 43.28619749963969],
              [-1.433250220992431, 43.11448489926699],
              [-0.662051499973764, 42.86932350043668],
              [0.267793499645318, 42.70176300035546],
              [0.458332000473676, 42.69281349994357],
              [0.623393500268158, 42.69500350015198],
              [0.653914971386906, 42.75163294820821],
              [0.815824499779864, 42.83694850009175],
              [1.325248500486081, 42.72432699970946],
              [1.442565999700906, 42.603668000176626],
              [1.442782537864629, 42.59847207093656],
              [1.442475399539486, 42.59819819971785],
              [1.432762249429459, 42.58791725023918],
              [1.426372000306023, 42.55869500007479],
              [1.431551999909731, 42.48268299970127],
              [1.444107499636891, 42.44997050038581],
              [1.449184574503201, 42.44485200761409],
              [1.449457000532961, 42.43831499991118],
              [1.454477698932104, 42.43951570175818],
              [1.457958999478544, 42.43600600023738],
              [1.50463549988167, 42.43110749973172],
              [1.518205499712751, 42.430207000451105],
              [1.549548667499356, 42.43262783290437],
              [1.662965000529346, 42.47513800000495],
              [1.700226211544459, 42.498286541302186],
              [1.725801999733098, 42.50440299975923],
              [1.961081499452196, 42.39080799992998],
              [2.432887000547947, 42.381370499935784],
              [3.02227799973365, 42.471411000218964],
              [3.174803999555135, 42.435375000211515],
              [3.22569704169131, 41.95512771630015],
              [3.165621995602431, 41.86718750037482],
              [2.151538133580191, 41.32574844375665],
              [0.981046916129043, 41.039840698923044],
              [0.709356069644528, 40.80724716176734],
              [0.752058030038338, 40.76993942269226],
              [0.734905957650454, 40.61904144343174],
              [0.466912000423877, 40.46425247166438],
              [0.081120983068632, 40.05854415891065],
              [-0.263768659357999, 39.60994170794966],
              [-0.320772375342684, 39.50226802240278],
              [-0.331328619411758, 39.41253995022326],
              [-0.23315555171548, 39.13807761210286],
              [-0.136932060524566, 38.97528076271139],
              [-0.017505019835243, 38.8746452329096],
              [0.188071057134866, 38.809280396436755],
              [0.216124952201175, 38.72921752904063],
              [-0.050944959394371, 38.56393432727181],
              [-0.371808916229538, 38.44407272186592],
              [-0.461516917161927, 38.3540344226684],
              [-0.847022950807916, 37.73906326271214],
              [-0.732772945017278, 37.63103485087933],
              [-1.311272977585513, 37.559696198130375],
              [-1.664269925057447, 37.35577774024152],
              [-1.801139115507612, 37.220123291219785],
              [-1.925506115146709, 36.9329414370471],
              [-2.075984955076443, 36.767997741712726],
              [-2.139473915561994, 36.73477172876681],
              [-2.599943160562978, 36.772296905721795],
              [-4.012916088287553, 36.746074676719424],
              [-4.437181951329807, 36.695682526170394],
              [-5.177731990732154, 36.41408920378043],
              [-5.340026856528096, 36.15974807676473],
              [-5.353221893490885, 36.159797669154365],
              [-5.467736721499239, 36.0559768681158],
              [-5.605401039522253, 36.014423370277065],
              [-6.069097996761323, 36.23267745982667],
              [-6.200837133423271, 36.3852844237341],
              [-6.430841922908065, 36.74930954009443],
              [-6.337144851848191, 36.84311676026629],
              [-6.471844194979595, 36.94691848885809],
              [-6.940005779475906, 37.21397399901582],
              [-7.413892674278488, 37.21368074205988],
              [-7.502935500384264, 37.52216349960632],
              [-7.490986999538996, 37.6035344996494],
              [-7.40939649955281, 37.76438499985437],
              [-7.032889499914442, 38.183700499640175],
              [-7.131224000320648, 38.23051850036509],
              [-7.32266500031809, 38.47866800016298],
              [-7.239239999759574, 38.73635099979716],
              [-7.053041499524982, 39.11798850030015],
              [-7.298769499512241, 39.330116499895155],
              [-7.445445499528216, 39.549345000115494],
              [-7.437710500074814, 39.65841650011301],
              [-7.015404999728836, 39.67085649963538],
              [-6.903619499679476, 39.88425450001833],
              [-6.787221500482503, 40.37093349975913],
              [-6.849023499611143, 40.92461000028549],
              [-6.581348000153364, 41.2395244999078],
              [-6.455760000089407, 41.298426500176994],
              [-6.31411149994786, 41.41696550010738],
              [-6.18984950012366, 41.575741999920496],
              [-6.743566499720449, 41.940960000347616],
              [-7.08579586244989, 41.968874015873006],
              [-7.174826000264124, 41.918281499899905],
              [-7.599897499743371, 41.864104999736725],
              [-7.954032999773014, 41.87195949995709],
              [-8.11480549993197, 42.00462399957946],
              [-8.124109499646277, 42.083168000121184],
              [-8.18893449949698, 42.135074499653804],
              [-8.481400499451263, 42.0814314999361],
              [-8.80099960439531, 41.91239429731386],
              [-8.882090347417371, 41.881594198094255],
              [-8.88699531546166, 42.04701232894489],
              [-8.792734144871439, 42.194984436454035],
              [-8.740610122552095, 42.65105819609633],
              [-8.812931060558885, 42.658241271718126],
              [-8.919095039172989, 42.61917877133914],
              [-9.251783369627306, 42.89613342289217],
              [-9.286248206562533, 42.93790435771336],
              [-9.273448943675392, 43.02325439523566],
              [-9.106637955434998, 43.192638396402906],
              [-8.963186263484232, 43.26254272473996],
              [-8.482542038071994, 43.351894379308916],
              [-8.330643654504387, 43.456981659788816],
              [-8.29319095615091, 43.55459976177897],
              [-7.902874946870573, 43.762638091645584],
              [-7.66219806742411, 43.76893234335693],
              [-7.534302233546616, 43.737121583459675],
              [-7.238258839257884, 43.56806564336003]
            ]
          ],
          [
            [
              [1.608541011749226, 39.028930662938265],
              [1.402719020661942, 38.84941482401634],
              [1.226835965840514, 38.87357330341447],
              [1.221151114748238, 38.95323944105252],
              [1.296134114459623, 39.03356552073528],
              [1.516834141035212, 39.118389130085134],
              [1.549031019477291, 39.10479354878909],
              [1.608541011749226, 39.028930662938265]
            ]
          ],
          [
            [
              [3.227261065136903, 39.36016082832418],
              [3.095316172496387, 39.291667938304556],
              [2.478520154488785, 39.46670150702786],
              [2.350446223523459, 39.56199264527953],
              [2.374618053016479, 39.61354827911176],
              [2.792800187599033, 39.85516738942118],
              [3.008459090427363, 39.92595291133024],
              [3.202882050936974, 39.952648161590375],
              [3.436144114269157, 39.641845704332525],
              [3.227261065136903, 39.36016082832418]
            ]
          ],
          [
            [
              [4.299935817480128, 39.89482116612363],
              [4.269662858437621, 39.814228057836814],
              [3.831627131294853, 39.925888061826484],
              [3.794700861140671, 40.015430449107086],
              [3.822167873569877, 40.05673599235589],
              [4.087064743328561, 40.08992385936287],
              [4.256173134691077, 39.986228942679524],
              [4.299935817480128, 39.89482116612363]
            ]
          ]
        ]
      }
    },
    {
      "type": "Feature",
      "properties": {
        "name": "Canary Islands",
        "eur": null,
        "eu_contrib": null
      },
      "geometry": {
        "type": "MultiPolygon",
        "coordinates": [
          [
            [
              [-16.551631609507798, 28.023026626140407],
              [-16.645869255543754, 28.000425816234415],
              [-16.69875145018646, 28.009160722657924],
              [-16.785625457188374, 28.129350662282064],
              [-16.907060145681417, 28.331799508388354],
              [-16.902186075370423, 28.354710474175388],
              [-16.850875036132276, 28.37343352161548],
              [-16.81612110067891, 28.37436294519089],
              [-16.714297104390422, 28.37438201917809],
              [-16.574395093071807, 28.394813017067015],
              [-16.495230357032952, 28.42227045736501],
              [-16.47711539175127, 28.43392372180475],
              [-16.465320860446074, 28.44287218278416],
              [-16.43615259515215, 28.471127373701343],
              [-16.246185155939788, 28.563659374853653],
              [-16.155824660764562, 28.585676193121323],
              [-16.15319347248216, 28.58470344612158],
              [-16.151877878664262, 28.58421707182738],
              [-16.15056228479715, 28.583730698098318],
              [-16.13748378724197, 28.577069282648434],
              [-16.129268918568474, 28.571419579745324],
              [-16.125766754313368, 28.563561031143212],
              [-16.13945415944584, 28.514765330848114],
              [-16.431200027443257, 28.13381767267823],
              [-16.471000669764233, 28.090332030789643],
              [-16.473132450448364, 28.088172912382174],
              [-16.47633011980689, 28.084934233727083],
              [-16.482725460501943, 28.078456878362694],
              [-16.483791351369973, 28.07737731932366],
              [-16.48579978888887, 28.075412114100263],
              [-16.488812447284882, 28.072464307244974],
              [-16.48981666576836, 28.071481705384052],
              [-16.51571655281198, 28.04770151702112],
              [-16.532265663478874, 28.0351438530168],
              [-16.551631609507798, 28.023026626140407]
            ]
          ],
          [
            [
              [-17.966843603692517, 27.67719459502221],
              [-18.015302658378157, 27.65413665834378],
              [-18.120912552219146, 27.698024750162183],
              [-18.13071060059207, 27.769420625342466],
              [-17.996552603127626, 27.818423953369837],
              [-17.891973494978153, 27.79209327722367],
              [-17.966843603692517, 27.67719459502221]
            ]
          ],
          [
            [
              [-15.45646710855775, 27.792407122200967],
              [-15.603700320361297, 27.73470624204985],
              [-15.667596815932608, 27.751734734138427],
              [-15.726051330635672, 27.79088973960231],
              [-15.762114953001408, 27.815887319330763],
              [-15.763402938809474, 27.81678009031302],
              [-15.766002535786338, 27.818622111775067],
              [-15.776400923479171, 27.82599020027939],
              [-15.781600117921776, 27.82967424385538],
              [-15.78419971534317, 27.83151626588784],
              [-15.78990522966025, 27.838902790945532],
              [-15.791807068009376, 27.84136496606083],
              [-15.792757986802107, 27.84259605425149],
              [-15.796006202510362, 27.84819475720829],
              [-15.797630311229444, 27.850994108753234],
              [-15.823757308348243, 27.902128490964216],
              [-15.828721681931206, 27.918473561221422],
              [-15.825976582802696, 27.964062054726064],
              [-15.821232796024125, 28.001065063952876],
              [-15.700062178830281, 28.142884825726682],
              [-15.438072476271197, 28.150388718249673],
              [-15.424968719880297, 28.137533187898185],
              [-15.398737589307686, 28.027619680261058],
              [-15.392310884567731, 28.023266687362476],
              [-15.391025543213312, 28.0223960878731],
              [-15.389838694487016, 28.02141213488075],
              [-15.387465000491652, 28.019444228317223],
              [-15.38509130477339, 28.01747632098057],
              [-15.382717609639574, 28.015508413687527],
              [-15.381530761602221, 28.01452446015913],
              [-15.380150794733275, 28.012847900073567],
              [-15.376785468648826, 28.00875549313689],
              [-15.375944137754676, 28.00773239060497],
              [-15.374056922225476, 28.00049400312476],
              [-15.37367947892957, 27.999046326034716],
              [-15.372924592691776, 27.99615097094607],
              [-15.372547149749142, 27.994703292946138],
              [-15.378114319114022, 27.94572626672163],
              [-15.39500389121062, 27.853873061020863],
              [-15.425434113056676, 27.81673622022304],
              [-15.45646710855775, 27.792407122200967]
            ]
          ],
          [
            [
              [-17.199271034036215, 28.018128113856367],
              [-17.238120885529124, 28.014078433994637],
              [-17.25872993417223, 28.019387246030842],
              [-17.26495297649031, 28.021759669187606],
              [-17.309193474467957, 28.056260516734554],
              [-17.31493786351303, 28.062905991921532],
              [-17.32886123667787, 28.082323074024313],
              [-17.329616546499373, 28.083612169079537],
              [-17.33112716714874, 28.08619035993853],
              [-17.334148406652414, 28.09134674220767],
              [-17.334580557743088, 28.09287534615794],
              [-17.33630916068185, 28.098989760083384],
              [-17.337173462441868, 28.102046967241645],
              [-17.337105513084264, 28.10357117725521],
              [-17.336629868255436, 28.11424064568485],
              [-17.32936668371321, 28.152601241655642],
              [-17.32883540105205, 28.154038169369706],
              [-17.326710267596358, 28.15978587776684],
              [-17.32458513457895, 28.165533587010913],
              [-17.32352256759591, 28.16840744124683],
              [-17.312213579082872, 28.18809636623429],
              [-17.30672890801686, 28.192069189943314],
              [-17.266340255935326, 28.204187392969505],
              [-17.200901030410616, 28.19586181567422],
              [-17.1968146103304, 28.193918961930585],
              [-17.184555346896712, 28.18809039928269],
              [-17.18319320670827, 28.1874427806383],
              [-17.112911223737015, 28.14706420915419],
              [-17.111750919662626, 28.146103540729346],
              [-17.1094303131469, 28.14418220505544],
              [-17.104469299666267, 28.136520387404875],
              [-17.101643371558897, 28.131780244025784],
              [-17.094635646374865, 28.118896801680926],
              [-17.09228973416737, 28.105413818098725],
              [-17.092394256945635, 28.101367948595314],
              [-17.094867706221137, 28.0858345021543],
              [-17.105802535751614, 28.069866179295737],
              [-17.108607768559413, 28.06702518421916],
              [-17.109542847357684, 28.066078185767775],
              [-17.146123886884023, 28.040632246812354],
              [-17.161977767075584, 28.03199767967875],
              [-17.178284883561368, 28.023463487625428],
              [-17.199271034036215, 28.018128113856367]
            ]
          ],
          [
            [
              [-13.829577012138808, 28.69987227731719],
              [-13.827348470966745, 28.68334817861611],
              [-13.821120023811906, 28.6208045493343],
              [-13.820797443376518, 28.596733093680115],
              [-13.821959971847416, 28.579394341046314],
              [-13.823347908947046, 28.562480927200504],
              [-13.826295004698006, 28.543289396636602],
              [-13.848482609142115, 28.425085067834043],
              [-13.872229957499151, 28.349524880243944],
              [-13.893531798946347, 28.28200912531836],
              [-13.894299097513004, 28.280724934205015],
              [-13.895833695811168, 28.27815655272262],
              [-13.898902892459958, 28.27301979108263],
              [-13.921459199521031, 28.242338180884424],
              [-13.94084414257919, 28.22665035102134],
              [-13.942055702117688, 28.225669861747477],
              [-13.947480202191475, 28.223337173938898],
              [-14.26380334563218, 28.100761956659024],
              [-14.443889617815422, 28.09758186302301],
              [-14.209418227865418, 28.23619719994536],
              [-14.039140962316266, 28.578884297932333],
              [-14.009008407229102, 28.658845900894185],
              [-14.00863206305512, 28.66031217469452],
              [-14.00675034461584, 28.6676435468485],
              [-14.005997658498583, 28.670576096153642],
              [-14.00627279317166, 28.672085285891942],
              [-14.009299278123475, 28.688686371047623],
              [-14.00982983919496, 28.689676921187996],
              [-14.01089096088304, 28.691658019900853],
              [-14.01219224968252, 28.691534043373682],
              [-14.013493538326037, 28.691410065293834],
              [-14.014120459557468, 28.695623636357002],
              [-14.01516532910366, 28.70264625487845],
              [-14.0134694572808, 28.70902824394843],
              [-14.009779739081122, 28.71127052284098],
              [-13.991377830438783, 28.720952986862773],
              [-13.949864785457791, 28.739242554375235],
              [-13.92804254799031, 28.746409824947285],
              [-13.88212442433418, 28.754652596071235],
              [-13.86010131815082, 28.74179878294517],
              [-13.841626882368715, 28.725670337946806],
              [-13.833909224997988, 28.71211662324005],
              [-13.829577012138808, 28.69987227731719]
            ]
          ],
          [
            [
              [-17.79498036827144, 28.501923878008594],
              [-17.83327293343154, 28.447366713813285],
              [-17.834836006186134, 28.44742679462538],
              [-17.839525223212345, 28.447607038828654],
              [-17.840800881672113, 28.448495505930534],
              [-17.853557467772784, 28.45738017474399],
              [-17.85993576133346, 28.461822509766236],
              [-17.865063429620438, 28.469481467903655],
              [-17.87275493342273, 28.480969906044166],
              [-17.873609544231932, 28.4822463987356],
              [-17.99623489431739, 28.74045562681044],
              [-18.000972748027923, 28.753895282908182],
              [-18.002552031931348, 28.75837516903678],
              [-18.001713888490336, 28.761162077662192],
              [-18.000037601797832, 28.766735895246526],
              [-17.999618530355935, 28.768129349338835],
              [-17.998026656915194, 28.77089767499916],
              [-17.992455099787197, 28.7805868150396],
              [-17.991659163576376, 28.78197097833087],
              [-17.980639458104367, 28.800170899207423],
              [-17.975770951281383, 28.807694625910514],
              [-17.96465682987285, 28.818319321332286],
              [-17.96365038569739, 28.819121042770025],
              [-17.961637496903933, 28.82072448719414],
              [-17.912654241935336, 28.84881019566243],
              [-17.788185119674466, 28.839921950999205],
              [-17.78390789015502, 28.83765792922609],
              [-17.77963066107353, 28.835393905751424],
              [-17.766265869827333, 28.81667327860942],
              [-17.726795195622998, 28.744520187176498],
              [-17.75006866453348, 28.59383392312669],
              [-17.750460277582004, 28.59226460937472],
              [-17.7579009319546, 28.56244763526726],
              [-17.75868415902253, 28.559309005665835],
              [-17.79498036827144, 28.501923878008594]
            ]
          ],
          [
            [
              [-13.557774542552664, 28.951859665094627],
              [-13.784600637556705, 28.83988380396595],
              [-13.841393471266457, 28.856222154187943],
              [-13.86255970045849, 28.892082977985257],
              [-13.824868203426533, 29.007118225949636],
              [-13.824017861473374, 29.008392335044242],
              [-13.823167521104468, 29.009666443949854],
              [-13.812963430205848, 29.024955750235122],
              [-13.810412406589398, 29.028778075743467],
              [-13.785355159938662, 29.05111857788867],
              [-13.774327040569634, 29.058877469297247],
              [-13.753678084372341, 29.071584224821535],
              [-13.65342159354949, 29.108737372993414],
              [-13.516574381661282, 29.167649745217194],
              [-13.430957061156644, 29.147426017797354],
              [-13.45567808039096, 29.065963362689327],
              [-13.466646431713665, 29.01177167862533],
              [-13.484453677870878, 28.99127578793741],
              [-13.491216064133887, 28.98568606363141],
              [-13.557774542552664, 28.951859665094627]
            ]
          ],
          [
            [
              [-13.500484467525457, 29.219343184347313],
              [-13.529752541009934, 29.210974883781528],
              [-13.543115615695568, 29.214136124285844],
              [-13.544038533451795, 29.215394973886543],
              [-13.546807288069951, 29.21917152390173],
              [-13.545454024751962, 29.222962379659215],
              [-13.545002936620058, 29.22422599824899],
              [-13.511787414562312, 29.279657364845743],
              [-13.509426751726968, 29.281840641610053],
              [-13.508246421537681, 29.282932280067914],
              [-13.507076262932593, 29.28307342520843],
              [-13.504735946565551, 29.283355714201402],
              [-13.487563132883205, 29.27551542100185],
              [-13.47639482696812, 29.256396727816725],
              [-13.49944400851079, 29.220571516809354],
              [-13.500484467525457, 29.219343184347313]
            ]
          ],
          [
            [
              [-13.519808530642006, 29.374057769662972],
              [-13.52118396756802, 29.37393760688999],
              [-13.522495746708124, 29.37421941839176],
              [-13.523807526525982, 29.37450122872509],
              [-13.526431084161647, 29.375064850836228],
              [-13.528763390301853, 29.3798301702979],
              [-13.529346466026908, 29.381021499610373],
              [-13.52927916420903, 29.382464000747643],
              [-13.529009955303403, 29.388234002799518],
              [-13.528875350328814, 29.391119003656435],
              [-13.528314431006901, 29.392459869745984],
              [-13.526631672996832, 29.39648246828959],
              [-13.525509834168822, 29.399164199648887],
              [-13.524531603406336, 29.400085448605783],
              [-13.521596908889556, 29.40284919585516],
              [-13.509053229970526, 29.410697936265656],
              [-13.507482051213188, 29.411047935296136],
              [-13.50591087205832, 29.41139793424533],
              [-13.503020966518198, 29.410195214717458],
              [-13.487126488018628, 29.403580258353657],
              [-13.485681535208338, 29.402978897979608],
              [-13.484976450704497, 29.40175755912505],
              [-13.483566283600114, 29.399314879699418],
              [-13.486160755340075, 29.39379882768425],
              [-13.487457990564588, 29.39104080201959],
              [-13.488106609270364, 29.38966178916782],
              [-13.488755227208918, 29.38828277630229],
              [-13.496993609600452, 29.3808446612376],
              [-13.503380140989735, 29.377674102847134],
              [-13.515682219611524, 29.37441826015709],
              [-13.519808530642006, 29.374057769662972]
            ]
          ]
        ]
      }
    },
    {
      "type": "Feature",
      "properties": {
        "name": "Portugal",
        "eur": 355825.82,
        "eu_contrib": null
      },
      "geometry": {
        "type": "Polygon",
        "coordinates": [
          [
            [-7.954032999773014, 41.87195949995709],
            [-7.599897499743371, 41.864104999736725],
            [-7.174826000264124, 41.918281499899905],
            [-7.08579586244989, 41.968874015873006],
            [-6.743566499720449, 41.940960000347616],
            [-6.18984950012366, 41.575741999920496],
            [-6.31411149994786, 41.41696550010738],
            [-6.455760000089407, 41.298426500176994],
            [-6.581348000153364, 41.2395244999078],
            [-6.849023499611143, 40.92461000028549],
            [-6.787221500482503, 40.37093349975913],
            [-6.903619499679476, 39.88425450001833],
            [-7.015404999728836, 39.67085649963538],
            [-7.437710500074814, 39.65841650011301],
            [-7.445445499528216, 39.549345000115494],
            [-7.298769499512241, 39.330116499895155],
            [-7.053041499524982, 39.11798850030015],
            [-7.239239999759574, 38.73635099979716],
            [-7.32266500031809, 38.47866800016298],
            [-7.131224000320648, 38.23051850036509],
            [-7.032889499914442, 38.183700499640175],
            [-7.40939649955281, 37.76438499985437],
            [-7.490986999538996, 37.6035344996494],
            [-7.502935500384264, 37.52216349960632],
            [-7.413892674278488, 37.21368074205988],
            [-7.410699967545383, 37.186487188971846],
            [-7.868661880541323, 37.009841918682156],
            [-8.00168895750954, 37.009983062372875],
            [-8.206819535575288, 37.08718872237471],
            [-8.514327047827603, 37.10522079432129],
            [-8.993265152000633, 37.02171707193868],
            [-8.905599595490807, 37.15911483795582],
            [-8.799032211375753, 37.44149398767091],
            [-8.816551208623238, 38.06401825143652],
            [-8.79312801483931, 38.36698913573207],
            [-8.708706857253699, 38.41936111529927],
            [-8.72879028185618, 38.50579071024095],
            [-8.748431205397328, 38.53805923575393],
            [-8.919553755424872, 38.503242493631305],
            [-9.062429427852024, 38.43228149318809],
            [-9.216734885538635, 38.41734695402417],
            [-9.259464263833408, 38.65952682559989],
            [-9.012418747715293, 38.67607498267157],
            [-8.850979850687157, 39.03147919803053],
            [-8.933791161189934, 39.01560974128274],
            [-9.058063507468162, 38.85449600230288],
            [-9.130450249234267, 38.704322816069144],
            [-9.457647325415232, 38.693069456688285],
            [-9.486882209796152, 38.757980346854076],
            [-9.369240761146731, 39.15266799993035],
            [-9.244128227600942, 39.41527175878378],
            [-9.069438935089734, 39.59749984601297],
            [-8.894549371483816, 40.04443740834743],
            [-8.883944510719232, 40.236408233795736],
            [-8.73648548118193, 40.64218902557747],
            [-8.700534820471981, 40.6526107793742],
            [-8.661699296358615, 40.719913483133396],
            [-8.643825531980763, 40.807319641143216],
            [-8.669910431376234, 41.13898849455875],
            [-8.855321882900352, 41.70458984476008],
            [-8.80099960439531, 41.91239429731386],
            [-8.481400499451263, 42.0814314999361],
            [-8.18893449949698, 42.135074499653804],
            [-8.124109499646277, 42.083168000121184],
            [-8.11480549993197, 42.00462399957946],
            [-7.954032999773014, 41.87195949995709]
          ]
        ]
      }
    },
    {
      "type": "Feature",
      "properties": {
        "name": "Madeira Island",
        "eur": null,
        "eu_contrib": null
      },
      "geometry": {
        "type": "MultiPolygon",
        "coordinates": [
          [
            [
              [-16.85417223013319, 32.63473796875979],
              [-16.946259307648894, 32.63290939278271],
              [-17.029296039530436, 32.65647933010405],
              [-17.09582290665187, 32.67937774712743],
              [-17.131533049841664, 32.696000671949946],
              [-17.206855773750394, 32.731154306365426],
              [-17.233050754954178, 32.758859905966844],
              [-17.243732451527404, 32.777288437249794],
              [-17.257816859625677, 32.80494254001487],
              [-17.257022380259617, 32.81417338076012],
              [-17.229930628706466, 32.83962476674345],
              [-17.208151627463145, 32.85629539533072],
              [-17.189311435621157, 32.86687469538806],
              [-17.177017210761793, 32.870048522887785],
              [-17.17570838942742, 32.87002716141443],
              [-17.17047309915982, 32.86994171133298],
              [-17.169587135000775, 32.86954116892551],
              [-17.168701172114822, 32.86914062595452],
              [-17.166101837042635, 32.86796417299179],
              [-17.16350250236056, 32.86678771960125],
              [-17.16220283473845, 32.86619949274542],
              [-16.974121093565454, 32.82828903169969],
              [-16.858345414415208, 32.79976501507767],
              [-16.72679074622186, 32.74630991559434],
              [-16.776068877347495, 32.68649444701171],
              [-16.809384822242087, 32.64997673100801],
              [-16.82586917928264, 32.638853835782115],
              [-16.83526191700452, 32.63598251302877],
              [-16.849784822119894, 32.63483294517599],
              [-16.85417223013319, 32.63473796875979]
            ]
          ],
          [
            [
              [-16.487344501653705, 32.48435115819984],
              [-16.49097391685534, 32.46989084890012],
              [-16.536302566643936, 32.54359436018547],
              [-16.538991926421744, 32.56344604489856],
              [-16.53691673261527, 32.56874084527288],
              [-16.5345830916151, 32.56728172270912],
              [-16.5334162717877, 32.56655216232277],
              [-16.532249451898842, 32.56582260141035],
              [-16.531322797710914, 32.564613659949025],
              [-16.529469491439514, 32.56219577790267],
              [-16.521129608546616, 32.5513153079122],
              [-16.49271659759887, 32.505500794003474],
              [-16.487344501653705, 32.48435115819984]
            ]
          ],
          [
            [
              [-16.28758267013457, 33.056231361955945],
              [-16.373758316068034, 33.01821136526742],
              [-16.37503306098327, 33.01827367128789],
              [-16.377582550730803, 33.01839828425585],
              [-16.388221263500895, 33.03041267380293],
              [-16.388135273430954, 33.035388945741396],
              [-16.388028462298816, 33.03934605884706],
              [-16.37072372382793, 33.06634521509397],
              [-16.358100891432315, 33.079547880910745],
              [-16.352451323900393, 33.08488082904542],
              [-16.351080950604842, 33.08561033431118],
              [-16.34971057624724, 33.08633983911322],
              [-16.345599455073817, 33.088528353273794],
              [-16.33326608951164, 33.09509389610278],
              [-16.32915496837218, 33.09728240965777],
              [-16.32779741247206, 33.09781265328335],
              [-16.325082301987713, 33.09887313889297],
              [-16.318294525423546, 33.101524352641796],
              [-16.306785582455124, 33.09936141986556],
              [-16.291915129654626, 33.09521942118035],
              [-16.285703182293, 33.08960151720367],
              [-16.286618551053433, 33.0728619898918],
              [-16.28758267013457, 33.056231361955945]
            ]
          ]
        ]
      }
    },
    {
      "type": "Feature",
      "properties": {
        "name": "Azores Islands",
        "eur": null,
        "eu_contrib": null
      },
      "geometry": {
        "type": "MultiPolygon",
        "coordinates": [
          [
            [
              [-25.58099594229306, 37.812966154737566],
              [-25.566218376481924, 37.81249999974225],
              [-25.556382179302567, 37.81278828307139],
              [-25.46226406089542, 37.81958580140099],
              [-25.361504364177424, 37.838957214165724],
              [-25.28865157257788, 37.854504478144754],
              [-25.19176673750247, 37.85552978567613],
              [-25.182707419466702, 37.854748066647566],
              [-25.179687645861122, 37.854487493919386],
              [-25.17666787345961, 37.85422692089325],
              [-25.173648099931995, 37.85396634756913],
              [-25.172138214473513, 37.85383606068568],
              [-25.170709463272896, 37.85339003535646],
              [-25.169280712286465, 37.852944009092774],
              [-25.15785070534436, 37.84937579867298],
              [-25.153564452250734, 37.84803771991432],
              [-25.15117168270878, 37.846479415853764],
              [-25.14997529956486, 37.84570026413407],
              [-25.148778914733672, 37.84492111232889],
              [-25.148252385724003, 37.84340848372493],
              [-25.139827928841473, 37.81920643887254],
              [-25.138774872318496, 37.81618118278347],
              [-25.138818914505478, 37.81461785074321],
              [-25.139259337753668, 37.798984528186715],
              [-25.14211845404739, 37.76762008684379],
              [-25.143129350234226, 37.76240921020989],
              [-25.143377304016308, 37.76113510062861],
              [-25.143625259075044, 37.75986099169895],
              [-25.144572638815873, 37.7587398516624],
              [-25.147414778871596, 37.75537643429925],
              [-25.153099060066474, 37.74864959699908],
              [-25.157197760582992, 37.74628639207774],
              [-25.164028929581793, 37.742347717181985],
              [-25.166761397496277, 37.740772247138345],
              [-25.198222161220325, 37.73376528302465],
              [-25.3820333483719, 37.70925903273781],
              [-25.507500052590377, 37.70488524342231],
              [-25.68999862653246, 37.7285804747196],
              [-25.70149926670376, 37.73403414559857],
              [-25.708687165798167, 37.73744268976971],
              [-25.710124745413967, 37.73812439887638],
              [-25.71156232557063, 37.738806108424605],
              [-25.71443748585933, 37.74016952621692],
              [-25.7165826166574, 37.74119186439228],
              [-25.717655182294052, 37.7417030333036],
              [-25.72054036479944, 37.74307886740522],
              [-25.730638503788107, 37.74789428806962],
              [-25.78082039782436, 37.78186685799138],
              [-25.806585311719328, 37.7994346633814],
              [-25.823038736092922, 37.81143442838287],
              [-25.843257903017342, 37.82619094792316],
              [-25.84418423901567, 37.82728322304852],
              [-25.846036910170163, 37.82946777310727],
              [-25.85100746233873, 37.83623123237632],
              [-25.85158093747557, 37.837735493718874],
              [-25.85215441393697, 37.83923975593476],
              [-25.854448318439115, 37.84525680390073],
              [-25.85485029160496, 37.848191259971166],
              [-25.855051279356733, 37.84965848835585],
              [-25.85605621269352, 37.85699462942049],
              [-25.82631810520331, 37.88890711400926],
              [-25.814438820240266, 37.89414596527095],
              [-25.69980812039708, 37.8607896175647],
              [-25.672067642441927, 37.83103786780258],
              [-25.594715595427246, 37.8149471293515],
              [-25.58099594229306, 37.812966154737566]
            ]
          ],
          [
            [
              [-25.017944881023574, 36.928682599024725],
              [-25.018297196523065, 36.92724990824313],
              [-25.05779838459031, 36.927565255760165],
              [-25.16239547670607, 36.93852996937473],
              [-25.163635253417233, 36.939279344596116],
              [-25.173553466976855, 36.945274354402166],
              [-25.19190597544546, 36.983905792324066],
              [-25.192135492868832, 36.985214233427136],
              [-25.192594527520377, 36.98783111532786],
              [-25.191734949942347, 36.98891639698008],
              [-25.189156214744738, 36.9921722410204],
              [-25.187437058364438, 36.99434280382439],
              [-25.184958458509126, 36.99530601480618],
              [-25.182479856940105, 36.99626922473465],
              [-25.16440773042486, 37.000709533716474],
              [-25.143687725736115, 37.00507688607884],
              [-25.097429751443553, 37.012334823204654],
              [-25.086783217455608, 37.013565825837816],
              [-25.06992994016811, 37.01171984006762],
              [-25.057453156190522, 36.99797439564886],
              [-25.02318573045517, 36.9579353332111],
              [-25.021341323702043, 36.9544334410337],
              [-25.015830993748178, 36.93727874772743],
              [-25.017944881023574, 36.928682599024725]
            ]
          ],
          [
            [
              [-28.08652687135067, 38.4010276777614],
              [-28.261542320156032, 38.39451408433164],
              [-28.426540374989735, 38.422785441851396],
              [-28.47930526753045, 38.43457031299777],
              [-28.48075062285369, 38.43514964922323],
              [-28.509657737574393, 38.446736376012865],
              [-28.51254844746953, 38.4478950492122],
              [-28.513860703984463, 38.44861221182382],
              [-28.51648521462687, 38.450046538172025],
              [-28.523046492759544, 38.453632354143],
              [-28.5367393487578, 38.4758758548395],
              [-28.538098653043498, 38.47878011134365],
              [-28.53945795692708, 38.48168436659574],
              [-28.542856215774165, 38.488945007117664],
              [-28.543321991473526, 38.49041214038869],
              [-28.545185089574524, 38.49628067027501],
              [-28.547508239911945, 38.5107231136387],
              [-28.54691696178095, 38.51713943377189],
              [-28.546135372558673, 38.52014456817103],
              [-28.54379060507983, 38.529159969267646],
              [-28.543399810261654, 38.53066253559938],
              [-28.54237604081638, 38.53180789873065],
              [-28.539304733581353, 38.535243989113724],
              [-28.52293014542087, 38.546237946301225],
              [-28.52167674525255, 38.54705592592783],
              [-28.516663143756972, 38.55032784570281],
              [-28.51415634253876, 38.55196380591226],
              [-28.50563539787039, 38.555298942048985],
              [-28.504215239466888, 38.555854797695204],
              [-28.50266748271678, 38.55620395503154],
              [-28.491833181718526, 38.55864805365294],
              [-28.477903366552283, 38.56179046595166],
              [-28.411558151796758, 38.56331634512489],
              [-28.4100001020946, 38.5630694074017],
              [-28.402209854327882, 38.561834717096716],
              [-28.388187406867573, 38.55961227363084],
              [-28.36979102953173, 38.555225371772465],
              [-28.07366142122649, 38.446638490347176],
              [-28.055524190228343, 38.4395624789428],
              [-28.035272597908424, 38.42946243386661],
              [-28.033145269426257, 38.42792383856142],
              [-28.032081605422, 38.42715454071779],
              [-28.031713213620225, 38.42578343014967],
              [-28.03023964979188, 38.420298985218515],
              [-28.029502868305052, 38.41755676194182],
              [-28.02924537699087, 38.41659545943271],
              [-28.02983903843476, 38.41522312201735],
              [-28.031026363434815, 38.41247844708],
              [-28.031620026815315, 38.41110610867518],
              [-28.04038963371164, 38.408668517572025],
              [-28.04185123504925, 38.40826225316306],
              [-28.04623603889899, 38.40704345799025],
              [-28.070186615613682, 38.40210342442832],
              [-28.07909948188574, 38.401516653150416],
              [-28.083555915026675, 38.40122326819583],
              [-28.085041393403213, 38.401125473377625],
              [-28.08652687135067, 38.4010276777614]
            ]
          ],
          [
            [
              [-28.634250640763472, 38.52608490027024],
              [-28.72041511435334, 38.51777267560479],
              [-28.729179381603338, 38.518913268637085],
              [-28.749338785469067, 38.522860209677326],
              [-28.78895786726744, 38.56769398213573],
              [-28.7952588403297, 38.61272557556555],
              [-28.729641342499036, 38.638032149302575],
              [-28.66440009946516, 38.63024711607797],
              [-28.626956558517147, 38.61213302614571],
              [-28.606343269322874, 38.58534240757048],
              [-28.609563826889023, 38.55474090563912],
              [-28.611562411502145, 38.54301071061245],
              [-28.62539164235619, 38.529573653159154],
              [-28.634250640763472, 38.52608490027024]
            ]
          ],
          [
            [
              [-27.77617836112152, 38.53690719610108],
              [-27.82452964917199, 38.53067016643303],
              [-27.827006657705912, 38.53092447872748],
              [-27.828245163665443, 38.53105163641065],
              [-28.15820748524447, 38.653740474726455],
              [-28.22005271925247, 38.67978286717942],
              [-28.271158216969855, 38.71681976261714],
              [-28.272428130468022, 38.717762565054436],
              [-28.29655647158515, 38.73567581201246],
              [-28.31698799170642, 38.754058837856164],
              [-28.317373275987237, 38.75528208439962],
              [-28.318143844203682, 38.757728577353625],
              [-28.317115782930944, 38.75841331460681],
              [-28.31608772263595, 38.75909805158132],
              [-28.312864305506864, 38.759319305650905],
              [-28.274808883906474, 38.75120544388701],
              [-28.123970030641548, 38.69916152919162],
              [-28.0629312986124, 38.67814350143564],
              [-27.95398101853312, 38.63871765188624],
              [-27.804967880335948, 38.57698059196206],
              [-27.803535390933927, 38.576308922684035],
              [-27.769155643666622, 38.56018885896272],
              [-27.766290665052296, 38.55884552005102],
              [-27.76510654817294, 38.557837400271104],
              [-27.75563361391596, 38.549772436183694],
              [-27.75326538132512, 38.547756194655435],
              [-27.756900786995846, 38.54495366382249],
              [-27.758112589015163, 38.54401948658065],
              [-27.764171600303854, 38.53934860210182],
              [-27.76547765668984, 38.53900337203418],
              [-27.766783713765925, 38.53865814212814],
              [-27.768089771532175, 38.53831291238368],
              [-27.76939582747448, 38.53796768191836],
              [-27.773465347489623, 38.537331389598855],
              [-27.774821853875274, 38.53711929265294],
              [-27.77617836112152, 38.53690719610108]
            ]
          ],
          [
            [
              [-27.073886489563954, 38.65017089942507],
              [-27.088809967022012, 38.64141311531136],
              [-27.2330226894277, 38.649726866980906],
              [-27.30135726942015, 38.65922858539128],
              [-27.344858168397277, 38.681385040574014],
              [-27.350165049416557, 38.685029348302855],
              [-27.358125369121947, 38.69049580881648],
              [-27.359452088495132, 38.69140688583556],
              [-27.36077880946513, 38.69231796309977],
              [-27.36526743723083, 38.69633441512048],
              [-27.370878220941293, 38.70135498015029],
              [-27.377069472529186, 38.71677398662096],
              [-27.377395757348697, 38.71832046508299],
              [-27.377722041120258, 38.7198669443122],
              [-27.380658595390152, 38.733785247865896],
              [-27.381963729525722, 38.73997116058093],
              [-27.38181332187799, 38.74150848426468],
              [-27.3815125062459, 38.74458312969486],
              [-27.380910873402943, 38.75073242344094],
              [-27.376690546788048, 38.7639834089908],
              [-27.369422275531843, 38.778274535740195],
              [-27.365999221553647, 38.78450393736033],
              [-27.364965439244468, 38.784952163640014],
              [-27.36393165550951, 38.78540038992769],
              [-27.326492310645403, 38.79785919218518],
              [-27.32372856175226, 38.79818343976339],
              [-27.317451266083772, 38.79891473178148],
              [-27.314312616739556, 38.799280378238244],
              [-27.28135681150299, 38.80311965874106],
              [-27.279928772233944, 38.803104402882155],
              [-27.27278857643341, 38.803028120964946],
              [-27.26346246474932, 38.80292848479229],
              [-27.260353761059914, 38.80289527275427],
              [-27.254136353403606, 38.80282884870749],
              [-27.2510276494367, 38.80279563669874],
              [-27.237323761253815, 38.800128936807916],
              [-27.105375291435248, 38.78578567597688],
              [-27.10252800156992, 38.784513093083675],
              [-27.09256248477545, 38.78005905165175],
              [-27.09113883995666, 38.77942275968347],
              [-27.064152802491773, 38.76207074338064],
              [-27.061127344939713, 38.7562917079854],
              [-27.05314102140525, 38.73994903477991],
              [-27.040008546541504, 38.70063781732911],
              [-27.042343855483967, 38.693933485976544],
              [-27.0428109168029, 38.692592620230435],
              [-27.0437450414684, 38.689910887666976],
              [-27.073886489563954, 38.65017089942507]
            ]
          ],
          [
            [
              [-27.967721938721404, 39.007519403754955],
              [-27.96909523025209, 39.00737381011696],
              [-27.977029799697316, 39.007640838707175],
              [-27.9934023444389, 39.010961805072675],
              [-27.994890757857927, 39.01126371082854],
              [-27.996379170749737, 39.01156561739753],
              [-27.997867583925665, 39.01186752300731],
              [-28.000631604872087, 39.01286261380821],
              [-28.0061596454748, 39.014852796213354],
              [-28.03236007553287, 39.022290801635364],
              [-28.03541564868951, 39.022579192816515],
              [-28.037921088173924, 39.024554115641905],
              [-28.051700999702486, 39.03541619311546],
              [-28.052953718756132, 39.036403655208076],
              [-28.065444947302176, 39.05753326542186],
              [-28.072864913999556, 39.0719711307792],
              [-28.056066513887306, 39.09254837019805],
              [-28.054494859190523, 39.092827797106665],
              [-28.043493271146296, 39.09478378286135],
              [-28.040349959665324, 39.09534263614192],
              [-28.037206648874793, 39.09590148867037],
              [-28.03426551849203, 39.095601082009786],
              [-28.026912689052203, 39.09485006401437],
              [-28.02544212305381, 39.09469985977951],
              [-28.006361009060264, 39.08865737818219],
              [-27.98499800833066, 39.07759857173932],
              [-27.958190918540904, 39.044204712339614],
              [-27.955724715864676, 39.04041099626529],
              [-27.953258514913447, 39.03661727931359],
              [-27.9475078584884, 39.02169799775465],
              [-27.948181390478737, 39.02035522473862],
              [-27.949528455503316, 39.01766967823412],
              [-27.952222585410357, 39.01229858508978],
              [-27.95289611852059, 39.010955812141006],
              [-27.954222678698784, 39.01050440609625],
              [-27.95554923956239, 39.010053000096896],
              [-27.960855483833228, 39.008247375667096],
              [-27.96360206557798, 39.007956186689476],
              [-27.967721938721404, 39.007519403754955]
            ]
          ],
          [
            [
              [-31.169967923931253, 39.37852641534186],
              [-31.192181268981383, 39.375409444216125],
              [-31.230373383386112, 39.375965117594156],
              [-31.235094644610847, 39.37662086438633],
              [-31.236668396951274, 39.37683944573674],
              [-31.246110915505124, 39.378150939360246],
              [-31.248792647891122, 39.37878417990999],
              [-31.25584820453817, 39.39465468231509],
              [-31.257131032117208, 39.39754022822405],
              [-31.25777244657771, 39.39898300099329],
              [-31.263826369733543, 39.428405762178535],
              [-31.264237085368592, 39.434506733562365],
              [-31.264442443525727, 39.43755722038594],
              [-31.265226364361766, 39.45151138255773],
              [-31.25572586041905, 39.489249637642885],
              [-31.233470916057833, 39.5211334226604],
              [-31.222752980219276, 39.5278353022719],
              [-31.20554542480507, 39.531333923246095],
              [-31.203124045801225, 39.52978134232319],
              [-31.20191335567167, 39.52900505118489],
              [-31.200702667214745, 39.528228760188696],
              [-31.1601854955036, 39.50623321495676],
              [-31.125351906263166, 39.46597480732033],
              [-31.12990474589447, 39.447214126088525],
              [-31.14635467554004, 39.40839767380836],
              [-31.15022087136779, 39.40029907209207],
              [-31.155095576200495, 39.391382216956366],
              [-31.169967923931253, 39.37852641534186]
            ]
          ],
          [
            [
              [-31.11317157762866, 39.67051696724505],
              [-31.11627388037356, 39.670112610365244],
              [-31.11738840684419, 39.67092895540853],
              [-31.119617461503825, 39.6725616459588],
              [-31.124324799779046, 39.698116301585635],
              [-31.124712626765504, 39.70085652627539],
              [-31.125294366640453, 39.70496686298284],
              [-31.12548828024261, 39.70633697513418],
              [-31.124735259880012, 39.71047286999846],
              [-31.12423324647708, 39.7132301329289],
              [-31.118894575753092, 39.731201171951206],
              [-31.115933826036432, 39.73145621158504],
              [-31.11445345069822, 39.73158373162566],
              [-31.108531952211116, 39.73209381060362],
              [-31.10733604450115, 39.73183155107285],
              [-31.104944229328915, 39.7313070303359],
              [-31.10374832186666, 39.73104476912973],
              [-31.089385985896506, 39.727664949094034],
              [-31.08695220941401, 39.725882213196115],
              [-31.085735320442073, 39.72499084458021],
              [-31.085062742439387, 39.7237157823752],
              [-31.080354691519684, 39.71479034418858],
              [-31.07974052479576, 39.711882591406265],
              [-31.078512191968414, 39.706067083743],
              [-31.078205109098548, 39.70461320775995],
              [-31.07789802625774, 39.70315933063242],
              [-31.079532450247214, 39.69869301398572],
              [-31.08062206638534, 39.695715470006064],
              [-31.083890914720985, 39.686782836589884],
              [-31.084550221445294, 39.685778300150275],
              [-31.085868834045197, 39.683769225563495],
              [-31.100837708816993, 39.67473220836989],
              [-31.10215650358931, 39.67418779618091],
              [-31.104794094080273, 39.67309897191614],
              [-31.11006927552343, 39.67092132472937],
              [-31.11317157762866, 39.67051696724505]
            ]
          ]
        ]
      }
    }
  ]
}
